{
"__comment": "Designed by Droobledore with BDcraft Cubik PRO 0.92 Beta - http://bdcraft.net",
"ambientocclusion": false,
"textures": {
    "texture": "items/wizard_hat1"
},
"elements": [ 
{
    "__comment": "Hat",
    "from": [ 0, 3, 8 ],
    "to": [ 16, 4, 10 ],
    "faces": {
        "down":  { "uv": [ 16, 10, 8, 8 ], "texture": "#texture" },
        "up":    { "uv": [ 0, 8, 8, 10 ], "texture": "#texture" },
        "north": { "uv": [ 8, 4.5, 16, 5.5 ], "texture": "#texture" },
        "south": { "uv": [ 9.5, 2.5, 16, 3.5 ], "texture": "#texture" },
        "west":  { "uv": [ 12, 3, 14, 4 ], "texture": "#texture", "cullface": "west" },
        "east":  { "uv": [ 10.5, 2.5, 12.5, 3.5 ], "texture": "#texture", "cullface": "east" }
    }
},
{
    "__comment": "Hat",
    "from": [ 1, 3, 5 ],
    "to": [ 15, 4, 8 ],
    "faces": {
        "down":  { "uv": [ 15.5, 12.5, 9, 9.5 ], "texture": "#texture" },
        "up":    { "uv": [ 0.5, 11, 6.5, 13.5 ], "texture": "#texture" },
        "north": { "uv": [ 9.5, 5.5, 15.5, 6.5 ], "texture": "#texture" },
        "west":  { "uv": [ 11, 4.5, 14, 5.5 ], "texture": "#texture" },
        "east":  { "uv": [ 11.5, 3, 14.5, 4 ], "texture": "#texture" }
    }
},
{
    "__comment": "Hat",
    "from": [ 1, 3, 10 ],
    "to": [ 15, 4, 13 ],
    "faces": {
        "down":  { "uv": [ 15, 13, 9.5, 10 ], "texture": "#texture" },
        "up":    { "uv": [ 1, 10, 7.5, 13 ], "texture": "#texture" },
        "south": { "uv": [ 9.5, 2.5, 16, 3.5 ], "texture": "#texture" },
        "west":  { "uv": [ 11, 4, 14, 5 ], "texture": "#texture" },
        "east":  { "uv": [ 11.5, 2.5, 14.5, 3.5 ], "texture": "#texture" }
    }
},
{
    "__comment": "Hat",
    "from": [ 2, 3, 4 ],
    "to": [ 14, 4, 5 ],
    "faces": {
        "down":  { "uv": [ 15.5, 12, 9, 11 ], "texture": "#texture" },
        "up":    { "uv": [ 1.5, 11, 8, 12 ], "texture": "#texture" },
        "north": { "uv": [ 9.5, 4.5, 15.5, 5.5 ], "texture": "#texture" },
        "west":  { "uv": [ 11.5, 3, 12.5, 4 ], "texture": "#texture" },
        "east":  { "uv": [ 11.5, 4.5, 12.5, 5.5 ], "texture": "#texture" }
    }
},
{
    "__comment": "Hat",
    "from": [ 2, 3, 13 ],
    "to": [ 14, 4, 14 ],
    "faces": {
        "down":  { "uv": [ 15, 13.5, 9, 12.5 ], "texture": "#texture" },
        "up":    { "uv": [ 2, 13, 7.5, 14 ], "texture": "#texture" },
        "south": { "uv": [ 8.5, 4, 14.5, 5 ], "texture": "#texture" },
        "west":  { "uv": [ 13, 3, 14, 4 ], "texture": "#texture" },
        "east":  { "uv": [ 8.5, 3, 9.5, 4 ], "texture": "#texture" }
    }
},
{
    "__comment": "Hat",
    "from": [ 3, 3, 3 ],
    "to": [ 13, 4, 4 ],
    "faces": {
        "down":  { "uv": [ 15.5, 12, 10, 11 ], "texture": "#texture" },
        "up":    { "uv": [ 0.5, 11.5, 8, 12.5 ], "texture": "#texture" },
        "north": { "uv": [ 10, 4, 15.5, 5 ], "texture": "#texture" },
        "west":  { "uv": [ 14, 3, 15, 4 ], "texture": "#texture" },
        "east":  { "uv": [ 12, 3, 13, 4 ], "texture": "#texture" }
    }
},
{
    "__comment": "Hat",
    "from": [ 3, 4, 6 ],
    "to": [ 13, 5, 12 ],
    "faces": {
        "down":  { "uv": [ 7, 5.5, 0, 0.5 ], "texture": "#texture" },
        "up":    { "uv": [ 0, 0, 7.5, 6 ], "texture": "#texture" },
        "north": { "uv": [ 0, 0.5, 7, 2 ], "texture": "#texture" },
        "south": { "uv": [ 0, 0, 8, 1 ], "texture": "#texture" },
        "west":  { "uv": [ 0, 2.5, 6, 3.5 ], "texture": "#texture" },
        "east":  { "uv": [ 0.5, 2, 6.5, 3 ], "texture": "#texture" }
    }
},
{
    "__comment": "Hat",
    "from": [ 3, 3, 14 ],
    "to": [ 13, 4, 15 ],
    "faces": {
        "down":  { "uv": [ 15, 12, 9, 11 ], "texture": "#texture" },
        "up":    { "uv": [ 1, 11, 7, 12 ], "texture": "#texture" },
        "south": { "uv": [ 8.5, 3, 16, 4 ], "texture": "#texture" },
        "west":  { "uv": [ 12.5, 4.5, 13.5, 5.5 ], "texture": "#texture" },
        "east":  { "uv": [ 12, 2, 13, 3 ], "texture": "#texture" }
    }
},
{
    "__comment": "Hat",
    "from": [ 4, 3, 2 ],
    "to": [ 12, 4, 3 ],
    "faces": {
        "down":  { "uv": [ 16, 12.5, 8, 11.5 ], "texture": "#texture" },
        "up":    { "uv": [ 0, 11.5, 8, 12.5 ], "texture": "#texture" },
        "north": { "uv": [ 8, 4, 16, 5 ], "texture": "#texture" },
        "west":  { "uv": [ 10.5, 3.5, 11.5, 4.5 ], "texture": "#texture" },
        "east":  { "uv": [ 12.5, 0, 13.5, 1 ], "texture": "#texture" }
    }
},
{
    "__comment": "Hat",
    "from": [ 4, 4, 5 ],
    "to": [ 12, 5, 6 ],
    "faces": {
        "up":    { "uv": [ 0, 0.5, 8, 1.5 ], "texture": "#texture" },
        "north": { "uv": [ 0, 1, 8, 2 ], "texture": "#texture" },
        "west":  { "uv": [ 0.5, 2, 1.5, 3 ], "texture": "#texture" },
        "east":  { "uv": [ 3, 0, 4, 1 ], "texture": "#texture" }
    }
},
{
    "__comment": "Hat",
    "from": [ 4, 5, 7 ],
    "to": [ 12, 6, 11 ],
    "faces": {
        "up":    { "uv": [ 0, 12, 7.5, 16 ], "texture": "#texture" },
        "north": { "uv": [ 8.5, 3, 15.5, 4 ], "texture": "#texture" },
        "south": { "uv": [ 9.5, 1.5, 16, 2.5 ], "texture": "#texture" },
        "west":  { "uv": [ 10.5, 5, 14.5, 6 ], "texture": "#texture" },
        "east":  { "uv": [ 12, 3, 16, 4 ], "texture": "#texture" }
    }
},
{
    "__comment": "Hat",
    "from": [ 4, 6, 7 ],
    "to": [ 12, 8, 10 ],
    "faces": {
        "up":    { "uv": [ 0, 10.5, 8, 13.5 ], "texture": "#texture" },
        "north": { "uv": [ 8, 1.5, 16, 3.5 ], "texture": "#texture" },
        "south": { "uv": [ 8, 3, 16, 5 ], "texture": "#texture" },
        "west":  { "uv": [ 12.5, 1, 15.5, 3 ], "texture": "#texture" },
        "east":  { "uv": [ 10, 3, 13, 5 ], "texture": "#texture" }
    }
},
{
    "__comment": "Hat",
    "from": [ 4, 8, 7 ],
    "to": [ 12, 9, 9 ],
    "faces": {
        "up":    { "uv": [ 0, 11, 8, 13 ], "texture": "#texture" },
        "north": { "uv": [ 8, 4, 16, 5 ], "texture": "#texture" },
        "south": { "uv": [ 8, 3.5, 16, 4.5 ], "texture": "#texture" },
        "west":  { "uv": [ 14, 0.5, 16, 1.5 ], "texture": "#texture" },
        "east":  { "uv": [ 12, 4.5, 14, 5.5 ], "texture": "#texture" }
    }
},
{
    "__comment": "Hat",
    "from": [ 4, 4, 12 ],
    "to": [ 12, 5, 13 ],
    "faces": {
        "up":    { "uv": [ 0, 1.5, 8, 2.5 ], "texture": "#texture" },
        "south": { "uv": [ 0, 0, 8, 1 ], "texture": "#texture" },
        "west":  { "uv": [ 2, 2, 3, 3 ], "texture": "#texture" },
        "east":  { "uv": [ 0, 1, 1, 2 ], "texture": "#texture" }
    }
},
{
    "__comment": "Hat",
    "from": [ 4, 3, 15 ],
    "to": [ 12, 4, 16 ],
    "faces": {
        "down":  { "uv": [ 16, 14, 8, 13 ], "texture": "#texture" },
        "up":    { "uv": [ 0, 12.5, 8, 13.5 ], "texture": "#texture" },
        "south": { "uv": [ 8, 3.5, 16, 4.5 ], "texture": "#texture", "cullface": "south" },
        "west":  { "uv": [ 12, 4, 13, 5 ], "texture": "#texture" },
        "east":  { "uv": [ 13, 2.5, 14, 3.5 ], "texture": "#texture" }
    }
},
{
    "__comment": "Hat",
    "from": [ 5, 4, 4 ],
    "to": [ 11, 5, 5 ],
    "faces": {
        "up":    { "uv": [ 0, 3, 6, 4 ], "texture": "#texture" },
        "north": { "uv": [ 0.5, 4.5, 6.5, 5.5 ], "texture": "#texture" },
        "west":  { "uv": [ 4, 5, 5, 6 ], "texture": "#texture" },
        "east":  { "uv": [ 3.5, 2, 4.5, 3 ], "texture": "#texture" }
    }
},
{
    "__comment": "Hat",
    "from": [ 5, 10, 4 ],
    "to": [ 10, 11, 10 ],
    "faces": {
        "down":  { "uv": [ 14.5, 14.5, 9.5, 8.5 ], "texture": "#texture" },
        "up":    { "uv": [ 2, 8.5, 7, 14.5 ], "texture": "#texture" },
        "north": { "uv": [ 10.5, 3, 15.5, 4 ], "texture": "#texture" },
        "south": { "uv": [ 9.5, 3.5, 14.5, 4.5 ], "texture": "#texture" },
        "west":  { "uv": [ 9, 3, 15, 4 ], "texture": "#texture" },
        "east":  { "uv": [ 8.5, 4, 14.5, 5 ], "texture": "#texture" }
    }
},
{
    "__comment": "Hat",
    "from": [ 5, 11, 4 ],
    "to": [ 10, 12, 7 ],
    "faces": {
        "up":    { "uv": [ 2.5, 9.5, 7.5, 12.5 ], "texture": "#texture" },
        "north": { "uv": [ 8.5, 3.5, 13.5, 4.5 ], "texture": "#texture" },
        "south": { "uv": [ 9.5, 4.5, 14.5, 5.5 ], "texture": "#texture" },
        "west":  { "uv": [ 9.5, 3, 12.5, 4 ], "texture": "#texture" },
        "east":  { "uv": [ 11, 3, 14, 4 ], "texture": "#texture" }
    }
},
{
    "__comment": "Hat",
    "from": [ 5, 6, 5 ],
    "to": [ 11, 10, 7 ],
    "faces": {
        "down":  { "uv": [ 14.5, 13.5, 8.5, 11.5 ], "texture": "#texture" },
        "up":    { "uv": [ 1, 10.5, 7, 12.5 ], "texture": "#texture" },
        "north": { "uv": [ 8, 2, 14, 6 ], "texture": "#texture" },
        "south": { "uv": [ 9.5, 2, 15.5, 6 ], "texture": "#texture" },
        "west":  { "uv": [ 10.5, 1, 12.5, 5 ], "texture": "#texture" },
        "east":  { "uv": [ 10.5, 1.5, 12.5, 5.5 ], "texture": "#texture" }
    }
},
{
    "__comment": "Hat",
    "from": [ 5, 5, 6 ],
    "to": [ 11, 6, 7 ],
    "faces": {
        "north": { "uv": [ 9, 3.5, 15, 4.5 ], "texture": "#texture" },
        "west":  { "uv": [ 10.5, 4.5, 11.5, 5.5 ], "texture": "#texture" },
        "east":  { "uv": [ 11.5, 3.5, 12.5, 4.5 ], "texture": "#texture" }
    }
},
{
    "__comment": "Hat",
    "from": [ 5, 9, 7 ],
    "to": [ 11, 10, 10 ],
    "faces": {
        "down":  { "uv": [ 15, 13, 9, 10 ], "texture": "#texture" },
        "up":    { "uv": [ 1, 10.5, 7, 13.5 ], "texture": "#texture" },
        "south": { "uv": [ 8.5, 4.5, 14.5, 5.5 ], "texture": "#texture" },
        "west":  { "uv": [ 9.5, 5, 12.5, 6 ], "texture": "#texture" },
        "east":  { "uv": [ 9.5, 4.5, 12.5, 5.5 ], "texture": "#texture" }
    }
},
{
    "__comment": "Hat",
    "from": [ 5, 8, 9 ],
    "to": [ 11, 9, 11 ],
    "faces": {
        "down":  { "uv": [ 16, 14.5, 10, 12.5 ], "texture": "#texture" },
        "up":    { "uv": [ 0, 11, 6, 13 ], "texture": "#texture" },
        "south": { "uv": [ 10, 2, 16, 3 ], "texture": "#texture" },
        "west":  { "uv": [ 14, 0, 16, 1 ], "texture": "#texture" },
        "east":  { "uv": [ 13, 2.5, 15, 3.5 ], "texture": "#texture" }
    }
},
{
    "__comment": "Hat",
    "from": [ 5, 6, 10 ],
    "to": [ 11, 7, 12 ],
    "faces": {
        "down":  { "uv": [ 16, 13.5, 10, 11.5 ], "texture": "#texture" },
        "up":    { "uv": [ 0, 10.5, 6, 12.5 ], "texture": "#texture" },
        "south": { "uv": [ 10, 1.5, 16, 2.5 ], "texture": "#texture" },
        "west":  { "uv": [ 13, 0.5, 15, 1.5 ], "texture": "#texture" },
        "east":  { "uv": [ 12.5, 0.5, 14.5, 1.5 ], "texture": "#texture" }
    }
},
{
    "__comment": "Hat",
    "from": [ 5, 7, 10 ],
    "to": [ 11, 8, 11 ],
    "faces": {
        "south": { "uv": [ 9.5, 3.5, 15.5, 4.5 ], "texture": "#texture" },
        "west":  { "uv": [ 12, 4, 13, 5 ], "texture": "#texture" },
        "east":  { "uv": [ 9.5, 3, 10.5, 4 ], "texture": "#texture" }
    }
},
{
    "__comment": "Hat",
    "from": [ 5, 5, 11 ],
    "to": [ 11, 6, 12 ],
    "faces": {
        "south": { "uv": [ 10, 3, 16, 4 ], "texture": "#texture" },
        "west":  { "uv": [ 11.5, 4.5, 12.5, 5.5 ], "texture": "#texture" },
        "east":  { "uv": [ 12.5, 1.5, 13.5, 2.5 ], "texture": "#texture" }
    }
},
{
    "__comment": "Hat",
    "from": [ 6, 10, 2 ],
    "to": [ 10, 13, 4 ],
    "faces": {
        "down":  { "uv": [ 14, 12.5, 10, 10.5 ], "texture": "#texture" },
        "up":    { "uv": [ 2, 10.5, 6, 12.5 ], "texture": "#texture" },
        "north": { "uv": [ 9.5, 2.5, 13.5, 5.5 ], "texture": "#texture" },
        "south": { "uv": [ 10.5, 2.5, 14.5, 5.5 ], "texture": "#texture" },
        "west":  { "uv": [ 9.5, 2.5, 11.5, 5.5 ], "texture": "#texture" },
        "east":  { "uv": [ 12, 3, 14, 6 ], "texture": "#texture" }
    }
},
{
    "__comment": "Hat",
    "from": [ 6, 9, 3 ],
    "to": [ 10, 10, 5 ],
    "faces": {
        "down":  { "uv": [ 12.5, 12.5, 8.5, 10.5 ], "texture": "#texture" },
        "up":    { "uv": [ 3, 10.5, 7, 12.5 ], "texture": "#texture" },
        "north": { "uv": [ 10, 5, 14, 6 ], "texture": "#texture" },
        "west":  { "uv": [ 11.5, 4.5, 13.5, 5.5 ], "texture": "#texture" },
        "east":  { "uv": [ 11, 6, 13, 7 ], "texture": "#texture" }
    }
},
{
    "__comment": "Hat",
    "from": [ 6, 8, 4 ],
    "to": [ 10, 9, 5 ],
    "faces": {
        "down":  { "uv": [ 13.5, 11.5, 9.5, 10.5 ], "texture": "#texture" },
        "north": { "uv": [ 11, 3.5, 15, 4.5 ], "texture": "#texture" },
        "west":  { "uv": [ 11, 3, 12, 4 ], "texture": "#texture" },
        "east":  { "uv": [ 12, 5, 13, 6 ], "texture": "#texture" }
    }
},
{
    "__comment": "Hat",
    "from": [ 6, 12, 4 ],
    "to": [ 10, 13, 7 ],
    "faces": {
        "up":    { "uv": [ 2.5, 9.5, 6.5, 12.5 ], "texture": "#texture" },
        "south": { "uv": [ 10, 4, 14, 5 ], "texture": "#texture" },
        "west":  { "uv": [ 10.5, 5, 13.5, 6 ], "texture": "#texture" },
        "east":  { "uv": [ 10.5, 3.5, 13.5, 4.5 ], "texture": "#texture" }
    }
},
{
    "__comment": "Hat",
    "from": [ 6, 5, 5 ],
    "to": [ 10, 6, 6 ],
    "faces": {
        "north": { "uv": [ 10, 3, 14, 4 ], "texture": "#texture" },
        "west":  { "uv": [ 11, 4, 12, 5 ], "texture": "#texture" },
        "east":  { "uv": [ 12, 2.5, 13, 3.5 ], "texture": "#texture" }
    }
},
{
    "__comment": "Hat",
    "from": [ 6, 11, 7 ],
    "to": [ 10, 12, 9 ],
    "faces": {
        "up":    { "uv": [ 2, 10.5, 6, 12.5 ], "texture": "#texture" },
        "south": { "uv": [ 9.5, 4.5, 13.5, 5.5 ], "texture": "#texture" },
        "west":  { "uv": [ 10.5, 3, 12.5, 4 ], "texture": "#texture" },
        "east":  { "uv": [ 11, 3.5, 13, 4.5 ], "texture": "#texture" }
    }
},
{
    "__comment": "Hat",
    "from": [ 6, 9, 10 ],
    "to": [ 10, 10, 11 ],
    "faces": {
        "up":    { "uv": [ 2.5, 10.5, 6.5, 11.5 ], "texture": "#texture" },
        "south": { "uv": [ 10.5, 5.5, 14.5, 6.5 ], "texture": "#texture" },
        "west":  { "uv": [ 10, 6, 11, 7 ], "texture": "#texture" },
        "east":  { "uv": [ 9, 4.5, 10, 5.5 ], "texture": "#texture" }
    }
},
{
    "__comment": "Hat",
    "from": [ 6, 7, 11 ],
    "to": [ 10, 9, 12 ],
    "faces": {
        "up":    { "uv": [ 1.5, 12, 5.5, 13 ], "texture": "#texture" },
        "north": { "uv": [ 12, 2.5, 16, 4.5 ], "texture": "#texture" },
        "south": { "uv": [ 10.5, 3, 14.5, 5 ], "texture": "#texture" },
        "west":  { "uv": [ 12, 3, 13, 5 ], "texture": "#texture" },
        "east":  { "uv": [ 12.5, 2, 13.5, 4 ], "texture": "#texture" }
    }
},
{
    "__comment": "Hat",
    "from": [ 6, 5, 12 ],
    "to": [ 10, 6, 13 ],
    "faces": {
        "up":    { "uv": [ 2.5, 12, 6.5, 13 ], "texture": "#texture" },
        "south": { "uv": [ 10, 4, 14, 5 ], "texture": "#texture" },
        "west":  { "uv": [ 13, 4, 14, 5 ], "texture": "#texture" },
        "east":  { "uv": [ 9.5, 3.5, 10.5, 4.5 ], "texture": "#texture" }
    }
},
{
    "__comment": "Hat",
    "from": [ 6, 4, 13 ],
    "to": [ 10, 5, 14 ],
    "faces": {
        "up":    { "uv": [ 1.5, 3.5, 5.5, 4.5 ], "texture": "#texture" },
        "south": { "uv": [ 0, 2, 4, 3 ], "texture": "#texture" },
        "west":  { "uv": [ 3, 3.5, 4, 4.5 ], "texture": "#texture" },
        "east":  { "uv": [ 0, 2, 1, 3 ], "texture": "#texture" }
    }
},
{
    "__comment": "Hat",
    "from": [ 7, 11, 1 ],
    "to": [ 9, 13, 2 ],
    "faces": {
        "up":    { "uv": [ 3.5, 11, 5.5, 12 ], "texture": "#texture" },
        "north": { "uv": [ 10.5, 4.5, 12.5, 6.5 ], "texture": "#texture" },
        "west":  { "uv": [ 10, 4.5, 11, 6.5 ], "texture": "#texture" },
        "east":  { "uv": [ 14, 3, 15, 5 ], "texture": "#texture" }
    }
},
{
    "__comment": "Hat",
    "from": [ 7, 3, 1 ],
    "to": [ 9, 4, 2 ],
    "faces": {
        "down":  { "uv": [ 11.5, 11.5, 9.5, 10.5 ], "texture": "#texture" },
        "up":    { "uv": [ 4, 10.5, 6, 11.5 ], "texture": "#texture" },
        "north": { "uv": [ 11, 4.5, 13, 5.5 ], "texture": "#texture" },
        "west":  { "uv": [ 9, 4.5, 10, 5.5 ], "texture": "#texture" },
        "east":  { "uv": [ 13, 2.5, 14, 3.5 ], "texture": "#texture" }
    }
},
{
    "__comment": "Hat",
    "from": [ 7, 10, 1 ],
    "to": [ 9, 11, 2 ],
    "faces": {
        "down":  { "uv": [ 11, 10, 9, 9 ], "texture": "#texture" },
        "north": { "uv": [ 10.5, 4.5, 12.5, 5.5 ], "texture": "#texture" },
        "west":  { "uv": [ 11, 3.5, 12, 4.5 ], "texture": "#texture" },
        "east":  { "uv": [ 14, 5, 15, 6 ], "texture": "#texture" }
    }
},
{
    "__comment": "Hat",
    "from": [ 7, 13, 2 ],
    "to": [ 9, 14, 5 ],
    "faces": {
        "down":  { "uv": [ 10.5, 2.5, 12.5, 5.5 ], "texture": "#texture" },
        "up":    { "uv": [ 2.5, 9.5, 4.5, 12.5 ], "texture": "#texture" },
        "north": { "uv": [ 9, 5, 11, 6 ], "texture": "#texture" },
        "south": { "uv": [ 9, 4.5, 11, 5.5 ], "texture": "#texture" },
        "west":  { "uv": [ 9.5, 3.5, 12.5, 4.5 ], "texture": "#texture" },
        "east":  { "uv": [ 9.5, 2.5, 12.5, 3.5 ], "texture": "#texture" }
    }
},
{
    "__comment": "Hat",
    "from": [ 7, 7, 4 ],
    "to": [ 9, 8, 5 ],
    "faces": {
        "down":  { "uv": [ 13, 13, 11, 12 ], "texture": "#texture" },
        "north": { "uv": [ 11.5, 4.5, 13.5, 5.5 ], "texture": "#texture" },
        "west":  { "uv": [ 10.5, 5, 11.5, 6 ], "texture": "#texture" },
        "east":  { "uv": [ 11.5, 4.5, 12.5, 5.5 ], "texture": "#texture" }
    }
},
{
    "__comment": "Hat",
    "from": [ 7, 12, 7 ],
    "to": [ 9, 13, 8 ],
    "faces": {
        "up":    { "uv": [ 5, 11, 7, 12 ], "texture": "#texture" },
        "south": { "uv": [ 11, 3, 13, 4 ], "texture": "#texture" },
        "west":  { "uv": [ 10, 3, 11, 4 ], "texture": "#texture" },
        "east":  { "uv": [ 10, 3, 11, 4 ], "texture": "#texture" }
    }
},
{
    "__comment": "Hat",
    "from": [ 7, 11, 9 ],
    "to": [ 9, 12, 10 ],
    "faces": {
        "up":    { "uv": [ 5, 11.5, 7, 12.5 ], "texture": "#texture" },
        "south": { "uv": [ 11.5, 4, 13.5, 5 ], "texture": "#texture" },
        "west":  { "uv": [ 9, 4, 10, 5 ], "texture": "#texture" },
        "east":  { "uv": [ 11.5, 3, 12.5, 4 ], "texture": "#texture" }
    }
},
{
    "__comment": "Hat",
    "from": [ 7, 10, 10 ],
    "to": [ 9, 11, 11 ],
    "faces": {
        "up":    { "uv": [ 5, 11, 7, 12 ], "texture": "#texture" },
        "south": { "uv": [ 11, 5, 13, 6 ], "texture": "#texture" },
        "west":  { "uv": [ 10, 5, 11, 6 ], "texture": "#texture" },
        "east":  { "uv": [ 10, 4, 11, 5 ], "texture": "#texture" }
    }
},
{
    "__comment": "Hat",
    "from": [ 7, 6, 12 ],
    "to": [ 9, 7, 13 ],
    "faces": {
        "up":    { "uv": [ 3.5, 11.5, 5.5, 12.5 ], "texture": "#texture" },
        "south": { "uv": [ 12, 3, 14, 4 ], "texture": "#texture" },
        "west":  { "uv": [ 11.5, 5, 12.5, 6 ], "texture": "#texture" },
        "east":  { "uv": [ 13.5, 3, 14.5, 4 ], "texture": "#texture" }
    }
},
{
    "__comment": "Hat",
    "from": [ 10, 11, 4 ],
    "to": [ 11, 12, 6 ],
    "faces": {
        "down":  { "uv": [ 9.5, 12.5, 8.5, 10.5 ], "texture": "#texture" },
        "up":    { "uv": [ 6, 9, 7, 11 ], "texture": "#texture" },
        "north": { "uv": [ 9, 4, 10, 5 ], "texture": "#texture" },
        "south": { "uv": [ 10, 4, 11, 5 ], "texture": "#texture" },
        "east":  { "uv": [ 10, 4, 12, 5 ], "texture": "#texture" }
    }
},
{
    "__comment": "Hat",
    "from": [ 10, 10, 5 ],
    "to": [ 11, 11, 10 ],
    "faces": {
        "down":  { "uv": [ 12, 14.5, 11, 9.5 ], "texture": "#texture" },
        "up":    { "uv": [ 4, 9, 5, 14 ], "texture": "#texture" },
        "north": { "uv": [ 9.5, 3.5, 10.5, 4.5 ], "texture": "#texture" },
        "south": { "uv": [ 10, 5, 11, 6 ], "texture": "#texture" },
        "east":  { "uv": [ 9.5, 4, 14.5, 5 ], "texture": "#texture" }
    }
},
{
    "__comment": "Hat",
    "from": [ 7, 3, 16 ],
    "to": [ 9, 4, 17 ],
    "faces": {
        "down":  { "uv": [ 12.5, 11.5, 10.5, 10.5 ], "rotation": 180, "texture": "#texture", "cullface": "south" },
        "up":    { "uv": [ 2, 11.5, 4, 12.5 ], "rotation": 180, "texture": "#texture", "cullface": "south" },
        "south": { "uv": [ 11, 4.5, 13, 5.5 ], "texture": "#texture", "cullface": "south" },
        "west":  { "uv": [ 13, 4, 14, 5 ], "texture": "#texture", "cullface": "south" },
        "east":  { "uv": [ 9, 3.5, 10, 4.5 ], "texture": "#texture", "cullface": "south" }
    }
},
{
    "__comment": "Hat",
    "from": [ 7.5, 11, 0 ],
    "to": [ 8.5, 12, 1 ],
    "faces": {
        "down":  { "uv": [ 10.5, 2.5, 9.5, 1.5 ], "texture": "#texture" },
        "up":    { "uv": [ 5.5, 9.5, 6.5, 10.5 ], "texture": "#texture" },
        "north": { "uv": [ 11, 3.5, 12, 4.5 ], "texture": "#texture", "cullface": "north" },
        "west":  { "uv": [ 9, 3, 10, 4 ], "texture": "#texture" },
        "east":  { "uv": [ 15, 4, 16, 5 ], "texture": "#texture" }
    }
}
],
"display": {
    "firstperson_righthand": {
        "rotation": [ 0, -180, 0 ],
        "scale": [ 0.55, 0.55, 0.55 ]
    },
    "firstperson_lefthand": {
        "rotation": [ 0, -180, 0 ],
        "scale": [ 0.55, 0.55, 0.55 ]
    },
    "thirdperson_lefthand": {
        "rotation": [ 180, -45, 0 ],
        "translation": [ 0, 1, -2.5 ],
        "scale": [ 0.75, 0.75, 0.75 ]
    },
    "thirdperson_righthand": {
        "rotation": [ 180, -45, 0 ],
        "translation": [ 0, 1, -2.5 ],
        "scale": [ 0.75, 0.75, 0.75 ]
    },
    "thirdperson": {
        "rotation": [ -91, 0, 0 ],
        "translation": [ 0, 0.5, -2.9 ],
        "scale": [ 0.5, 0.5, 0.5 ]
    },
    "head": {
        "rotation": [ 0, 180, 0 ],
        "translation": [ 0, 15, 0.9 ],
        "scale": [ 1.85, 1.85, 1.85 ]
    },
    "ground": {
        "rotation": [ 0, 0, 0 ],
        "translation": [ 0, 0, 0 ],
        "scale": [ 1, 1, 1 ]
    },
    "fixed": {
        "rotation": [ 0, 90, 0 ],
        "translation": [ -0.4, 0.9, 0 ],
        "scale": [ 2, 2, 2 ]
    },
    "firstperson": {
        "rotation": [ 0, -135, 25 ],
        "translation": [ 0, 4, 2 ],
        "scale": [ 1.7, 1.7, 1.7 ]
    },
    "gui": {
        "rotation": [ 0, 61, 0 ],
        "translation": [ -0.3, 0.9, 0 ],
        "scale": [ 1.2, 1.2, 1.2 ]
    }
}
}