{
"__comment": "Created by Droobledore with BDcraft Cubik PRO 0.93 Beta",
"ambientocclusion": false,
"textures": {
    "texture": "items/wand_moon",
    "animated1": "items/animated1"
},
"elements": [ 
{
    "__comment": "Moonscepter",
    "from": [ 4.75, 11.75, 7.75 ],
    "to": [ 6, 13.5, 8.25 ],
    "faces": {
        "down":  { "uv": [ 8.249, 4.249, 7.751, 3.751 ], "texture": "#texture" },
        "up":    { "uv": [ 8.249, 2.501, 7.751, 2.999 ], "texture": "#texture" },
        "north": { "uv": [ 7.751, 2.501, 8.249, 4.249 ], "texture": "#texture" },
        "south": { "uv": [ 8.249, 2.501, 7.751, 4.249 ], "texture": "#texture" },
        "west":  { "uv": [ 8.251, 2.501, 8.749, 4.249 ], "texture": "#texture" },
        "east":  { "uv": [ 7.749, 2.501, 7.251, 4.249 ], "texture": "#texture" }
    }
},
{
    "__comment": "Moonscepter",
    "from": [ 5, 11.75, 7.5 ],
    "to": [ 5.75, 13.75, 7.75 ],
    "faces": {
        "down":  { "uv": [ 7.749, 4.249, 7.251, 3.751 ], "texture": "#texture" },
        "up":    { "uv": [ 7.749, 2.251, 7.251, 2.749 ], "texture": "#texture" },
        "north": { "uv": [ 7.251, 2.251, 7.749, 4.249 ], "texture": "#texture" },
        "south": { "uv": [ 7.749, 2.251, 7.251, 4.249 ], "texture": "#texture" },
        "west":  { "uv": [ 7.751, 2.251, 8.249, 4.249 ], "texture": "#texture" },
        "east":  { "uv": [ 7.249, 2.251, 6.751, 4.249 ], "texture": "#texture" }
    }
},
{
    "__comment": "Moonscepter",
    "from": [ 5, 10.75, 7.75 ],
    "to": [ 6.5, 11.75, 8.25 ],
    "faces": {
        "down":  { "uv": [ 8.249, 5.249, 7.751, 4.751 ], "texture": "#texture" },
        "up":    { "uv": [ 8.249, 4.251, 7.751, 4.749 ], "texture": "#texture" },
        "north": { "uv": [ 7.751, 4.251, 8.249, 5.249 ], "texture": "#texture" },
        "south": { "uv": [ 8.249, 4.251, 7.751, 5.249 ], "texture": "#texture" },
        "west":  { "uv": [ 8.251, 4.251, 8.749, 5.249 ], "texture": "#texture" },
        "east":  { "uv": [ 7.749, 4.251, 7.251, 5.249 ], "texture": "#texture" }
    }
},
{
    "__comment": "Moonscepter",
    "from": [ 5, 13.5, 7.75 ],
    "to": [ 6, 13.75, 8.5 ],
    "faces": {
        "down":  { "uv": [ 8.999, 2.749, 8.501, 2.251 ], "texture": "#texture" },
        "up":    { "uv": [ 8.999, 2.251, 8.501, 2.749 ], "texture": "#texture" },
        "north": { "uv": [ 8.999, 2.251, 8.501, 2.749 ], "texture": "#texture" },
        "south": { "uv": [ 8.999, 2.749, 8.501, 2.251 ], "texture": "#texture" },
        "west":  { "uv": [ 9.001, 2.251, 9.499, 2.749 ], "texture": "#texture" },
        "east":  { "uv": [ 8.499, 2.251, 8.001, 2.749 ], "texture": "#texture" }
    }
},
{
    "__comment": "Moonscepter",
    "from": [ 5, 13.75, 7.75 ],
    "to": [ 6.25, 14.5, 8.25 ],
    "faces": {
        "down":  { "uv": [ 8.249, 2.249, 7.751, 1.751 ], "texture": "#texture" },
        "up":    { "uv": [ 8.249, 1.501, 7.751, 1.999 ], "texture": "#texture" },
        "north": { "uv": [ 7.751, 1.501, 8.249, 2.249 ], "texture": "#texture" },
        "south": { "uv": [ 8.249, 1.501, 7.751, 2.249 ], "texture": "#texture" },
        "west":  { "uv": [ 8.251, 1.501, 8.749, 2.249 ], "texture": "#texture" },
        "east":  { "uv": [ 7.749, 1.501, 7.251, 2.249 ], "texture": "#texture" }
    }
},
{
    "__comment": "Moonscepter",
    "from": [ 5, 11.75, 8.25 ],
    "to": [ 5.75, 13.5, 8.5 ],
    "faces": {
        "down":  { "uv": [ 8.499, 4.249, 8.001, 3.751 ], "texture": "#texture" },
        "south": { "uv": [ 8.499, 2.501, 8.001, 4.249 ], "texture": "#texture" },
        "west":  { "uv": [ 8.501, 2.501, 8.999, 4.249 ], "texture": "#texture" },
        "east":  { "uv": [ 7.999, 2.501, 7.501, 4.249 ], "texture": "#texture" }
    }
},
{
    "__comment": "Moonscepter",
    "from": [ 5.25, 11.75, 7.25 ],
    "to": [ 5.5, 13.75, 7.5 ],
    "faces": {
        "down":  { "uv": [ 7.499, 4.249, 7.001, 3.751 ], "texture": "#texture" },
        "up":    { "uv": [ 7.499, 2.251, 7.001, 2.749 ], "texture": "#texture" },
        "north": { "uv": [ 7.001, 2.251, 7.499, 4.249 ], "texture": "#texture" },
        "west":  { "uv": [ 7.501, 2.251, 7.999, 4.249 ], "texture": "#texture" },
        "east":  { "uv": [ 6.999, 2.251, 6.501, 4.249 ], "texture": "#texture" }
    }
},
{
    "__comment": "Moonscepter",
    "from": [ 5.25, 11, 7.5 ],
    "to": [ 6, 11.75, 7.75 ],
    "faces": {
        "down":  { "uv": [ 7.749, 4.999, 7.251, 4.501 ], "texture": "#texture" },
        "up":    { "uv": [ 7.749, 4.251, 7.251, 4.749 ], "texture": "#texture" },
        "north": { "uv": [ 7.251, 4.251, 7.749, 4.999 ], "texture": "#texture" },
        "west":  { "uv": [ 7.751, 4.251, 8.249, 4.999 ], "texture": "#texture" },
        "east":  { "uv": [ 7.249, 4.251, 6.751, 4.999 ], "texture": "#texture" }
    }
},
{
    "__comment": "Moonscepter",
    "from": [ 5.25, 13.75, 7.5 ],
    "to": [ 6, 14.5, 7.75 ],
    "faces": {
        "down":  { "uv": [ 7.749, 2.249, 7.251, 1.751 ], "texture": "#texture" },
        "up":    { "uv": [ 7.749, 1.501, 7.251, 1.999 ], "texture": "#texture" },
        "north": { "uv": [ 7.251, 1.501, 7.749, 2.249 ], "texture": "#texture" },
        "west":  { "uv": [ 7.751, 1.501, 8.249, 2.249 ], "texture": "#texture" },
        "east":  { "uv": [ 7.249, 1.501, 6.751, 2.249 ], "texture": "#texture" }
    }
},
{
    "__comment": "Moonscepter",
    "from": [ 5.25, 10.5, 7.75 ],
    "to": [ 8.75, 10.75, 8.25 ],
    "faces": {
        "down":  { "uv": [ 8.249, 5.749, 7.751, 5.251 ], "texture": "#texture" },
        "up":    { "uv": [ 8.249, 5.251, 7.751, 5.749 ], "texture": "#texture" },
        "north": { "uv": [ 8.249, 5.251, 7.751, 5.749 ], "texture": "#texture" },
        "south": { "uv": [ 8.249, 5.749, 7.751, 5.251 ], "texture": "#texture" },
        "west":  { "uv": [ 8.251, 5.251, 8.749, 5.749 ], "texture": "#texture" },
        "east":  { "uv": [ 0.001, 13.501, 2.499, 15.999 ], "texture": "#texture" }
    }
},
{
    "__comment": "Moonscepter",
    "from": [ 5.25, 14.5, 7.75 ],
    "to": [ 6.5, 14.75, 8.25 ],
    "faces": {
        "down":  { "uv": [ 8.249, 1.749, 7.751, 1.251 ], "texture": "#texture" },
        "up":    { "uv": [ 8.249, 1.251, 7.751, 1.749 ], "texture": "#texture" },
        "north": { "uv": [ 8.249, 1.251, 7.751, 1.749 ], "texture": "#texture" },
        "south": { "uv": [ 8.249, 1.749, 7.751, 1.251 ], "texture": "#texture" },
        "west":  { "uv": [ 8.251, 1.251, 8.749, 1.749 ], "texture": "#texture" },
        "east":  { "uv": [ 7.749, 1.251, 7.251, 1.749 ], "texture": "#texture" }
    }
},
{
    "__comment": "Moonscepter",
    "from": [ 5.25, 11, 8.25 ],
    "to": [ 6, 11.75, 8.5 ],
    "faces": {
        "down":  { "uv": [ 8.499, 4.749, 8.001, 4.251 ], "texture": "#texture" },
        "up":    { "uv": [ 8.499, 4.251, 8.001, 4.749 ], "texture": "#texture" },
        "south": { "uv": [ 8.499, 4.749, 8.001, 4.251 ], "texture": "#texture" },
        "west":  { "uv": [ 8.501, 4.251, 8.999, 4.749 ], "texture": "#texture" },
        "east":  { "uv": [ 7.999, 4.251, 7.501, 4.749 ], "texture": "#texture" }
    }
},
{
    "__comment": "Moonscepter",
    "from": [ 5.25, 13.75, 8.25 ],
    "to": [ 6, 14.5, 8.5 ],
    "faces": {
        "up":    { "uv": [ 8.499, 1.501, 8.001, 1.999 ], "texture": "#texture" },
        "south": { "uv": [ 8.499, 1.999, 8.001, 1.501 ], "texture": "#texture" },
        "west":  { "uv": [ 8.501, 1.501, 8.999, 1.999 ], "texture": "#texture" },
        "east":  { "uv": [ 7.999, 1.501, 7.501, 1.999 ], "texture": "#texture" }
    }
},
{
    "__comment": "Moonscepter",
    "from": [ 5.25, 11.75, 8.5 ],
    "to": [ 5.5, 13.75, 8.75 ],
    "faces": {
        "down":  { "uv": [ 8.749, 4.249, 8.251, 3.751 ], "texture": "#texture" },
        "up":    { "uv": [ 8.749, 2.251, 8.251, 2.749 ], "texture": "#texture" },
        "north": { "uv": [ 8.251, 2.251, 8.749, 4.249 ], "texture": "#texture" },
        "south": { "uv": [ 8.749, 2.251, 8.251, 4.249 ], "texture": "#texture" },
        "west":  { "uv": [ 8.751, 2.251, 9.249, 4.249 ], "texture": "#texture" },
        "east":  { "uv": [ 8.249, 2.251, 7.751, 4.249 ], "texture": "#texture" }
    }
},
{
    "__comment": "Moonscepter",
    "from": [ 5.5, 11, 7.25 ],
    "to": [ 5.75, 12.5, 7.5 ],
    "faces": {
        "down":  { "uv": [ 7.499, 4.999, 7.001, 4.501 ], "texture": "#texture" },
        "up":    { "uv": [ 7.499, 3.501, 7.001, 3.999 ], "texture": "#texture" },
        "north": { "uv": [ 7.001, 3.501, 7.499, 4.999 ], "texture": "#texture" },
        "south": { "uv": [ 7.499, 3.501, 7.001, 4.999 ], "texture": "#texture" },
        "west":  { "uv": [ 7.501, 3.501, 7.999, 4.999 ], "texture": "#texture" },
        "east":  { "uv": [ 6.999, 3.501, 6.501, 4.999 ], "texture": "#texture" }
    }
},
{
    "__comment": "Moonscepter",
    "from": [ 5.5, 13.5, 7.25 ],
    "to": [ 5.75, 14.5, 7.5 ],
    "faces": {
        "down":  { "uv": [ 7.499, 2.499, 7.001, 2.001 ], "texture": "#texture" },
        "up":    { "uv": [ 7.499, 1.501, 7.001, 1.999 ], "texture": "#texture" },
        "north": { "uv": [ 7.001, 1.501, 7.499, 2.499 ], "texture": "#texture" },
        "south": { "uv": [ 7.499, 1.501, 7.001, 2.499 ], "texture": "#texture" },
        "west":  { "uv": [ 7.501, 1.501, 7.999, 2.499 ], "texture": "#texture" },
        "east":  { "uv": [ 6.999, 1.501, 6.501, 2.499 ], "texture": "#texture" }
    }
},
{
    "__comment": "Moonscepter",
    "from": [ 5.5, 10.75, 7.5 ],
    "to": [ 6.75, 11, 7.75 ],
    "faces": {
        "down":  { "uv": [ 7.749, 5.499, 7.251, 5.001 ], "texture": "#texture" },
        "up":    { "uv": [ 7.749, 5.001, 7.251, 5.499 ], "texture": "#texture" },
        "north": { "uv": [ 7.749, 5.001, 7.251, 5.499 ], "texture": "#texture" },
        "south": { "uv": [ 7.749, 5.499, 7.251, 5.001 ], "texture": "#texture" },
        "west":  { "uv": [ 7.751, 5.001, 8.249, 5.499 ], "texture": "#texture" },
        "east":  { "uv": [ 7.249, 5.001, 6.751, 5.499 ], "texture": "#texture" }
    }
},
{
    "__comment": "Moonscepter",
    "from": [ 5.5, 14.5, 7.5 ],
    "to": [ 6.25, 14.75, 7.75 ],
    "faces": {
        "down":  { "uv": [ 7.749, 1.749, 7.251, 1.251 ], "texture": "#texture" },
        "up":    { "uv": [ 7.749, 1.251, 7.251, 1.749 ], "texture": "#texture" },
        "north": { "uv": [ 7.749, 1.251, 7.251, 1.749 ], "texture": "#texture" },
        "west":  { "uv": [ 7.751, 1.251, 8.249, 1.749 ], "texture": "#texture" },
        "east":  { "uv": [ 7.249, 1.251, 6.751, 1.749 ], "texture": "#texture" }
    }
},
{
    "__comment": "Moonscepter",
    "from": [ 5.5, 10.25, 7.75 ],
    "to": [ 10.5, 10.5, 8.25 ],
    "faces": {
        "down":  { "uv": [ 8.249, 5.999, 7.751, 5.501 ], "texture": "#texture" },
        "up":    { "uv": [ 8.249, 5.501, 7.751, 5.999 ], "texture": "#texture" },
        "north": { "uv": [ 8.249, 5.501, 7.751, 5.999 ], "texture": "#texture" },
        "south": { "uv": [ 8.249, 5.999, 7.751, 5.501 ], "texture": "#texture" },
        "west":  { "uv": [ 8.251, 5.501, 8.749, 5.999 ], "texture": "#texture" },
        "east":  { "uv": [ 7.749, 5.501, 7.251, 5.999 ], "texture": "#texture" }
    }
},
{
    "__comment": "Moonscepter",
    "from": [ 5.5, 14.75, 7.75 ],
    "to": [ 6.75, 15, 8.25 ],
    "faces": {
        "down":  { "uv": [ 8.249, 1.499, 7.751, 1.001 ], "texture": "#texture" },
        "up":    { "uv": [ 8.249, 1.001, 7.751, 1.499 ], "texture": "#texture" },
        "north": { "uv": [ 8.249, 1.001, 7.751, 1.499 ], "texture": "#texture" },
        "south": { "uv": [ 8.249, 1.499, 7.751, 1.001 ], "texture": "#texture" },
        "west":  { "uv": [ 8.251, 1.001, 8.749, 1.499 ], "texture": "#texture" },
        "east":  { "uv": [ 7.749, 1.001, 7.251, 1.499 ], "texture": "#texture" }
    }
},
{
    "__comment": "Moonscepter",
    "from": [ 5.5, 10.75, 8.25 ],
    "to": [ 6.75, 11, 8.5 ],
    "faces": {
        "down":  { "uv": [ 8.499, 5.499, 8.001, 5.001 ], "texture": "#texture" },
        "up":    { "uv": [ 8.499, 5.001, 8.001, 5.499 ], "texture": "#texture" },
        "north": { "uv": [ 8.499, 5.001, 8.001, 5.499 ], "texture": "#texture" },
        "south": { "uv": [ 8.499, 5.499, 8.001, 5.001 ], "texture": "#texture" },
        "west":  { "uv": [ 8.501, 5.001, 8.999, 5.499 ], "texture": "#texture" },
        "east":  { "uv": [ 7.999, 5.001, 7.501, 5.499 ], "texture": "#texture" }
    }
},
{
    "__comment": "Moonscepter",
    "from": [ 5.5, 14.5, 8.25 ],
    "to": [ 6.25, 14.75, 8.5 ],
    "faces": {
        "down":  { "uv": [ 8.499, 1.749, 8.001, 1.251 ], "texture": "#texture" },
        "up":    { "uv": [ 8.499, 1.251, 8.001, 1.749 ], "texture": "#texture" },
        "south": { "uv": [ 8.499, 1.749, 8.001, 1.251 ], "texture": "#texture" },
        "west":  { "uv": [ 8.501, 1.251, 8.999, 1.749 ], "texture": "#texture" },
        "east":  { "uv": [ 7.999, 1.251, 7.501, 1.749 ], "texture": "#texture" }
    }
},
{
    "__comment": "Moonscepter",
    "from": [ 5.5, 11, 8.5 ],
    "to": [ 5.75, 12.5, 8.75 ],
    "faces": {
        "down":  { "uv": [ 8.749, 4.999, 8.251, 4.501 ], "texture": "#texture" },
        "up":    { "uv": [ 8.749, 3.501, 8.251, 3.999 ], "texture": "#texture" },
        "north": { "uv": [ 8.251, 3.501, 8.749, 4.999 ], "texture": "#texture" },
        "south": { "uv": [ 8.749, 3.501, 8.251, 4.999 ], "texture": "#texture" },
        "west":  { "uv": [ 8.751, 3.501, 9.249, 4.999 ], "texture": "#texture" },
        "east":  { "uv": [ 8.249, 3.501, 7.751, 4.999 ], "texture": "#texture" }
    }
},
{
    "__comment": "Moonscepter",
    "from": [ 5.5, 13.5, 8.5 ],
    "to": [ 5.75, 14.5, 8.75 ],
    "faces": {
        "down":  { "uv": [ 8.749, 2.499, 8.251, 2.001 ], "texture": "#texture" },
        "up":    { "uv": [ 8.749, 1.501, 8.251, 1.999 ], "texture": "#texture" },
        "north": { "uv": [ 8.251, 1.501, 8.749, 2.499 ], "texture": "#texture" },
        "south": { "uv": [ 8.749, 1.501, 8.251, 2.499 ], "texture": "#texture" },
        "west":  { "uv": [ 8.751, 1.501, 9.249, 2.499 ], "texture": "#texture" },
        "east":  { "uv": [ 8.249, 1.501, 7.751, 2.499 ], "texture": "#texture" }
    }
},
{
    "__comment": "Moonscepter",
    "from": [ 5.75, 10.75, 7.25 ],
    "to": [ 6, 11.5, 7.5 ],
    "faces": {
        "down":  { "uv": [ 7.499, 5.249, 7.001, 4.751 ], "texture": "#texture" },
        "up":    { "uv": [ 7.499, 4.501, 7.001, 4.999 ], "texture": "#texture" },
        "north": { "uv": [ 7.001, 4.501, 7.499, 5.249 ], "texture": "#texture" },
        "south": { "uv": [ 7.499, 4.501, 7.001, 5.249 ], "texture": "#texture" },
        "west":  { "uv": [ 7.501, 4.501, 7.999, 5.249 ], "texture": "#texture" },
        "east":  { "uv": [ 6.999, 4.501, 6.501, 5.249 ], "texture": "#texture" }
    }
},
{
    "__comment": "Moonscepter",
    "from": [ 5.75, 14.25, 7.25 ],
    "to": [ 6, 14.75, 7.5 ],
    "faces": {
        "down":  { "uv": [ 7.499, 1.749, 7.001, 1.251 ], "texture": "#texture" },
        "up":    { "uv": [ 7.499, 1.251, 7.001, 1.749 ], "texture": "#texture" },
        "north": { "uv": [ 7.499, 1.251, 7.001, 1.749 ], "texture": "#texture" },
        "south": { "uv": [ 7.499, 1.749, 7.001, 1.251 ], "texture": "#texture" },
        "west":  { "uv": [ 7.501, 1.251, 7.999, 1.749 ], "texture": "#texture" },
        "east":  { "uv": [ 6.999, 1.251, 6.501, 1.749 ], "texture": "#texture" }
    }
},
{
    "__comment": "Moonscepter",
    "from": [ 5.75, 10.5, 7.5 ],
    "to": [ 7, 10.75, 7.75 ],
    "faces": {
        "down":  { "uv": [ 7.751, 5.749, 8.249, 5.251 ], "texture": "#texture" },
        "up":    { "uv": [ 7.751, 5.251, 8.249, 5.749 ], "texture": "#texture" },
        "north": { "uv": [ 7.751, 5.251, 8.249, 5.749 ], "texture": "#texture" },
        "west":  { "uv": [ 7.751, 5.251, 8.249, 5.749 ], "texture": "#texture" },
        "east":  { "uv": [ 8.249, 5.251, 7.751, 5.749 ], "texture": "#texture" }
    }
},
{
    "__comment": "Moonscepter",
    "from": [ 5.75, 11.75, 7.5 ],
    "to": [ 6, 12.5, 7.75 ],
    "faces": {
        "up":    { "uv": [ 7.749, 3.501, 7.251, 3.999 ], "texture": "#texture" },
        "north": { "uv": [ 7.749, 3.501, 7.251, 3.999 ], "texture": "#texture" },
        "east":  { "uv": [ 7.249, 3.501, 6.751, 3.999 ], "texture": "#texture" }
    }
},
{
    "__comment": "Moonscepter",
    "from": [ 5.75, 13.5, 7.5 ],
    "to": [ 6, 13.75, 7.75 ],
    "faces": {
        "down":  { "uv": [ 7.749, 2.749, 7.251, 2.251 ], "texture": "#texture" },
        "north": { "uv": [ 7.749, 2.251, 7.251, 2.749 ], "texture": "#texture" },
        "east":  { "uv": [ 7.249, 2.251, 6.751, 2.749 ], "texture": "#texture" }
    }
},
{
    "__comment": "Moonscepter",
    "from": [ 5.75, 14.75, 7.5 ],
    "to": [ 6.5, 15, 7.75 ],
    "faces": {
        "down":  { "uv": [ 7.749, 1.499, 7.251, 1.001 ], "texture": "#texture" },
        "up":    { "uv": [ 7.749, 1.001, 7.251, 1.499 ], "texture": "#texture" },
        "north": { "uv": [ 7.749, 1.001, 7.251, 1.499 ], "texture": "#texture" },
        "west":  { "uv": [ 7.751, 1.001, 8.249, 1.499 ], "texture": "#texture" },
        "east":  { "uv": [ 7.249, 1.001, 6.751, 1.499 ], "texture": "#texture" }
    }
},
{
    "__comment": "Moonscepter",
    "from": [ 5.75, 15, 7.75 ],
    "to": [ 7, 15.25, 8.25 ],
    "faces": {
        "down":  { "uv": [ 8.249, 1.249, 7.751, 0.751 ], "texture": "#texture" },
        "up":    { "uv": [ 8.249, 0.751, 7.751, 1.249 ], "texture": "#texture" },
        "north": { "uv": [ 8.249, 0.751, 7.751, 1.249 ], "texture": "#texture" },
        "south": { "uv": [ 8.249, 1.249, 7.751, 0.751 ], "texture": "#texture" },
        "west":  { "uv": [ 8.251, 0.751, 8.749, 1.249 ], "texture": "#texture" },
        "east":  { "uv": [ 7.749, 0.751, 7.251, 1.249 ], "texture": "#texture" }
    }
},
{
    "__comment": "Moonscepter",
    "from": [ 5.75, 10.5, 8.25 ],
    "to": [ 7, 10.75, 8.5 ],
    "faces": {
        "down":  { "uv": [ 8.499, 5.749, 8.001, 5.251 ], "texture": "#texture" },
        "up":    { "uv": [ 8.499, 5.251, 8.001, 5.749 ], "texture": "#texture" },
        "south": { "uv": [ 8.499, 5.749, 8.001, 5.251 ], "texture": "#texture" },
        "west":  { "uv": [ 8.501, 5.251, 8.999, 5.749 ], "texture": "#texture" },
        "east":  { "uv": [ 7.999, 5.251, 7.501, 5.749 ], "texture": "#texture" }
    }
},
{
    "__comment": "Moonscepter",
    "from": [ 5.75, 11.75, 8.25 ],
    "to": [ 6, 12.5, 8.5 ],
    "faces": {
        "up":    { "uv": [ 8.499, 3.501, 8.001, 3.999 ], "texture": "#texture" },
        "south": { "uv": [ 8.499, 3.999, 8.001, 3.501 ], "texture": "#texture" },
        "east":  { "uv": [ 7.999, 3.501, 7.501, 3.999 ], "texture": "#texture" }
    }
},
{
    "__comment": "Moonscepter",
    "from": [ 5.75, 14.75, 8.25 ],
    "to": [ 6.5, 15, 8.5 ],
    "faces": {
        "down":  { "uv": [ 8.499, 1.499, 8.001, 1.001 ], "texture": "#texture" },
        "up":    { "uv": [ 8.499, 1.001, 8.001, 1.499 ], "texture": "#texture" },
        "south": { "uv": [ 8.499, 1.499, 8.001, 1.001 ], "texture": "#texture" },
        "west":  { "uv": [ 8.501, 1.001, 8.999, 1.499 ], "texture": "#texture" },
        "east":  { "uv": [ 7.999, 1.001, 7.501, 1.499 ], "texture": "#texture" }
    }
},
{
    "__comment": "Moonscepter",
    "from": [ 5.75, 10.75, 8.5 ],
    "to": [ 6, 11.5, 8.75 ],
    "faces": {
        "down":  { "uv": [ 8.749, 5.249, 8.251, 4.751 ], "texture": "#texture" },
        "up":    { "uv": [ 8.749, 4.501, 8.251, 4.999 ], "texture": "#texture" },
        "north": { "uv": [ 8.251, 4.501, 8.749, 5.249 ], "texture": "#texture" },
        "south": { "uv": [ 8.749, 4.501, 8.251, 5.249 ], "texture": "#texture" },
        "west":  { "uv": [ 8.751, 4.501, 9.249, 5.249 ], "texture": "#texture" },
        "east":  { "uv": [ 8.249, 4.501, 7.751, 5.249 ], "texture": "#texture" }
    }
},
{
    "__comment": "Moonscepter",
    "from": [ 5.75, 14.25, 8.5 ],
    "to": [ 6, 14.75, 8.75 ],
    "faces": {
        "down":  { "uv": [ 8.749, 1.749, 8.251, 1.251 ], "texture": "#texture" },
        "up":    { "uv": [ 8.749, 1.251, 8.251, 1.749 ], "texture": "#texture" },
        "north": { "uv": [ 8.749, 1.251, 8.251, 1.749 ], "texture": "#texture" },
        "south": { "uv": [ 8.749, 1.749, 8.251, 1.251 ], "texture": "#texture" },
        "west":  { "uv": [ 8.751, 1.251, 9.249, 1.749 ], "texture": "#texture" },
        "east":  { "uv": [ 8.249, 1.251, 7.751, 1.749 ], "texture": "#texture" }
    }
},
{
    "__comment": "Moonscepter",
    "from": [ 6, 10.5, 7.25 ],
    "to": [ 6.25, 11.25, 7.5 ],
    "faces": {
        "down":  { "uv": [ 7.499, 5.499, 7.001, 5.001 ], "texture": "#texture" },
        "up":    { "uv": [ 7.499, 4.751, 7.001, 5.249 ], "texture": "#texture" },
        "north": { "uv": [ 7.001, 4.751, 7.499, 5.499 ], "texture": "#texture" },
        "south": { "uv": [ 7.499, 4.751, 7.001, 5.499 ], "texture": "#texture" },
        "west":  { "uv": [ 7.501, 4.751, 7.999, 5.499 ], "texture": "#texture" },
        "east":  { "uv": [ 6.999, 4.751, 6.501, 5.499 ], "texture": "#texture" }
    }
},
{
    "__comment": "Moonscepter",
    "from": [ 6, 14.5, 7.25 ],
    "to": [ 6.25, 15, 7.5 ],
    "faces": {
        "down":  { "uv": [ 7.499, 1.499, 7.001, 1.001 ], "texture": "#texture" },
        "up":    { "uv": [ 7.499, 1.001, 7.001, 1.499 ], "texture": "#texture" },
        "north": { "uv": [ 7.499, 1.001, 7.001, 1.499 ], "texture": "#texture" },
        "south": { "uv": [ 7.499, 1.499, 7.001, 1.001 ], "texture": "#texture" },
        "west":  { "uv": [ 7.501, 1.001, 7.999, 1.499 ], "texture": "#texture" },
        "east":  { "uv": [ 6.999, 1.001, 6.501, 1.499 ], "texture": "#texture" }
    }
},
{
    "__comment": "Moonscepter",
    "from": [ 6, 10.25, 7.5 ],
    "to": [ 7.5, 10.5, 7.75 ],
    "faces": {
        "down":  { "uv": [ 7.749, 5.999, 7.251, 5.501 ], "texture": "#texture" },
        "up":    { "uv": [ 7.749, 5.501, 7.251, 5.999 ], "texture": "#texture" },
        "north": { "uv": [ 7.749, 5.501, 7.251, 5.999 ], "texture": "#texture" },
        "west":  { "uv": [ 7.751, 5.501, 8.249, 5.999 ], "texture": "#texture" },
        "east":  { "uv": [ 7.249, 5.501, 6.751, 5.999 ], "texture": "#texture" }
    }
},
{
    "__comment": "Moonscepter",
    "from": [ 6, 11, 7.5 ],
    "to": [ 6.25, 11.5, 7.75 ],
    "faces": {
        "up":    { "uv": [ 7.749, 4.501, 7.251, 4.999 ], "texture": "#texture" },
        "north": { "uv": [ 7.749, 4.501, 7.251, 4.999 ], "texture": "#texture" },
        "east":  { "uv": [ 7.249, 4.501, 6.751, 4.999 ], "texture": "#texture" }
    }
},
{
    "__comment": "Moonscepter",
    "from": [ 6, 14.25, 7.5 ],
    "to": [ 6.25, 14.5, 7.75 ],
    "faces": {
        "down":  { "uv": [ 7.749, 1.999, 7.251, 1.501 ], "texture": "#texture" },
        "north": { "uv": [ 7.749, 1.501, 7.251, 1.999 ], "texture": "#texture" },
        "east":  { "uv": [ 7.249, 1.501, 6.751, 1.999 ], "texture": "#texture" }
    }
},
{
    "__comment": "Moonscepter",
    "from": [ 6, 15, 7.5 ],
    "to": [ 6.75, 15.25, 7.75 ],
    "faces": {
        "down":  { "uv": [ 7.749, 1.249, 7.251, 0.751 ], "texture": "#texture" },
        "up":    { "uv": [ 7.749, 0.751, 7.251, 1.249 ], "texture": "#texture" },
        "north": { "uv": [ 7.749, 0.751, 7.251, 1.249 ], "texture": "#texture" },
        "west":  { "uv": [ 7.751, 0.751, 8.249, 1.249 ], "texture": "#texture" },
        "east":  { "uv": [ 7.249, 0.751, 6.751, 1.249 ], "texture": "#texture" }
    }
},
{
    "__comment": "Moonscepter",
    "from": [ 6, 10, 7.75 ],
    "to": [ 10.25, 10.25, 8.25 ],
    "faces": {
        "down":  { "uv": [ 8.249, 6.249, 7.751, 5.751 ], "texture": "#texture" },
        "north": { "uv": [ 8.249, 5.751, 7.751, 6.249 ], "texture": "#texture" },
        "south": { "uv": [ 8.249, 6.249, 7.751, 5.751 ], "texture": "#texture" },
        "west":  { "uv": [ 8.251, 5.751, 8.749, 6.249 ], "texture": "#texture" },
        "east":  { "uv": [ 7.749, 5.751, 7.251, 6.249 ], "texture": "#texture" }
    }
},
{
    "__comment": "Moonscepter",
    "from": [ 6, 11.75, 7.75 ],
    "to": [ 6.25, 12.5, 8.25 ],
    "faces": {
        "up":    { "uv": [ 8.249, 3.501, 7.751, 3.999 ], "texture": "#texture" },
        "north": { "uv": [ 7.751, 3.501, 8.249, 4.249 ], "texture": "#texture" },
        "south": { "uv": [ 8.249, 3.501, 7.751, 4.249 ], "texture": "#texture" },
        "east":  { "uv": [ 7.749, 3.501, 7.251, 4.249 ], "texture": "#texture" }
    }
},
{
    "__comment": "Moonscepter",
    "from": [ 6, 15.25, 7.75 ],
    "to": [ 7.5, 15.5, 8.25 ],
    "faces": {
        "down":  { "uv": [ 8.249, 0.999, 7.751, 0.501 ], "texture": "#texture" },
        "up":    { "uv": [ 8.249, 0.501, 7.751, 0.999 ], "texture": "#texture" },
        "north": { "uv": [ 8.249, 0.501, 7.751, 0.999 ], "texture": "#texture" },
        "south": { "uv": [ 8.249, 0.999, 7.751, 0.501 ], "texture": "#texture" },
        "west":  { "uv": [ 8.251, 0.501, 8.749, 0.999 ], "texture": "#texture" },
        "east":  { "uv": [ 7.749, 0.501, 7.251, 0.999 ], "texture": "#texture" }
    }
},
{
    "__comment": "Moonscepter",
    "from": [ 6, 10.25, 8.25 ],
    "to": [ 7.5, 10.5, 8.5 ],
    "faces": {
        "down":  { "uv": [ 8.499, 5.999, 8.001, 5.501 ], "texture": "#texture" },
        "up":    { "uv": [ 8.499, 5.501, 8.001, 5.999 ], "texture": "#texture" },
        "south": { "uv": [ 8.499, 5.999, 8.001, 5.501 ], "texture": "#texture" },
        "west":  { "uv": [ 8.501, 5.501, 8.999, 5.999 ], "texture": "#texture" },
        "east":  { "uv": [ 7.999, 5.501, 7.501, 5.999 ], "texture": "#texture" }
    }
},
{
    "__comment": "Moonscepter",
    "from": [ 6, 11, 8.25 ],
    "to": [ 6.25, 11.25, 8.75 ],
    "faces": {
        "down":  { "uv": [ 8.749, 5.249, 8.251, 4.751 ], "texture": "#texture" },
        "up":    { "uv": [ 8.749, 4.751, 8.251, 5.249 ], "texture": "#texture" },
        "south": { "uv": [ 8.749, 5.249, 8.251, 4.751 ], "texture": "#texture" },
        "west":  { "uv": [ 8.751, 4.751, 9.249, 5.249 ], "texture": "#texture" },
        "east":  { "uv": [ 8.249, 4.751, 7.751, 5.249 ], "texture": "#texture" }
    }
},
{
    "__comment": "Moonscepter",
    "from": [ 6, 11.25, 8.25 ],
    "to": [ 6.25, 11.5, 8.5 ],
    "faces": {
        "up":    { "uv": [ 8.499, 4.501, 8.001, 4.999 ], "texture": "#texture" },
        "south": { "uv": [ 8.499, 4.999, 8.001, 4.501 ], "texture": "#texture" },
        "east":  { "uv": [ 7.999, 4.501, 7.501, 4.999 ], "texture": "#texture" }
    }
},
{
    "__comment": "Moonscepter",
    "from": [ 6, 14.25, 8.25 ],
    "to": [ 6.25, 14.5, 8.5 ],
    "faces": {
        "down":  { "uv": [ 8.499, 1.999, 8.001, 1.501 ], "texture": "#texture" },
        "south": { "uv": [ 8.499, 1.999, 8.001, 1.501 ], "texture": "#texture" },
        "east":  { "uv": [ 7.999, 1.501, 7.501, 1.999 ], "texture": "#texture" }
    }
},
{
    "__comment": "Moonscepter",
    "from": [ 6, 15, 8.25 ],
    "to": [ 6.75, 15.25, 8.5 ],
    "faces": {
        "down":  { "uv": [ 8.499, 1.249, 8.001, 0.751 ], "texture": "#texture" },
        "up":    { "uv": [ 8.499, 0.751, 8.001, 1.249 ], "texture": "#texture" },
        "south": { "uv": [ 8.499, 1.249, 8.001, 0.751 ], "texture": "#texture" },
        "west":  { "uv": [ 8.501, 0.751, 8.999, 1.249 ], "texture": "#texture" },
        "east":  { "uv": [ 7.999, 0.751, 7.501, 1.249 ], "texture": "#texture" }
    }
},
{
    "__comment": "Moonscepter",
    "from": [ 6, 10.5, 8.5 ],
    "to": [ 6.5, 11, 8.75 ],
    "faces": {
        "down":  { "uv": [ 8.749, 5.499, 8.251, 5.001 ], "texture": "#texture" },
        "up":    { "uv": [ 8.749, 5.001, 8.251, 5.499 ], "texture": "#texture" },
        "north": { "uv": [ 8.749, 5.001, 8.251, 5.499 ], "texture": "#texture" },
        "south": { "uv": [ 8.749, 5.499, 8.251, 5.001 ], "texture": "#texture" },
        "west":  { "uv": [ 8.751, 5.001, 9.249, 5.499 ], "texture": "#texture" },
        "east":  { "uv": [ 8.249, 5.001, 7.751, 5.499 ], "texture": "#texture" }
    }
},
{
    "__comment": "Moonscepter",
    "from": [ 6, 14.5, 8.5 ],
    "to": [ 6.25, 15, 8.75 ],
    "faces": {
        "down":  { "uv": [ 8.749, 1.499, 8.251, 1.001 ], "texture": "#texture" },
        "up":    { "uv": [ 8.749, 1.001, 8.251, 1.499 ], "texture": "#texture" },
        "north": { "uv": [ 8.749, 1.001, 8.251, 1.499 ], "texture": "#texture" },
        "south": { "uv": [ 8.749, 1.499, 8.251, 1.001 ], "texture": "#texture" },
        "west":  { "uv": [ 8.751, 1.001, 9.249, 1.499 ], "texture": "#texture" },
        "east":  { "uv": [ 8.249, 1.001, 7.751, 1.499 ], "texture": "#texture" }
    }
},
{
    "__comment": "Moonscepter",
    "from": [ 6.25, 10.25, 7.25 ],
    "to": [ 6.5, 11, 7.5 ],
    "faces": {
        "down":  { "uv": [ 7.499, 5.499, 7.001, 5.001 ], "texture": "#texture" },
        "up":    { "uv": [ 7.499, 5.001, 7.001, 5.499 ], "texture": "#texture" },
        "north": { "uv": [ 7.499, 5.001, 7.001, 5.499 ], "texture": "#texture" },
        "south": { "uv": [ 7.499, 5.499, 7.001, 5.001 ], "texture": "#texture" },
        "west":  { "uv": [ 7.501, 5.001, 7.999, 5.499 ], "texture": "#texture" },
        "east":  { "uv": [ 6.999, 5.001, 6.501, 5.499 ], "texture": "#texture" }
    }
},
{
    "__comment": "Moonscepter",
    "from": [ 6.25, 10, 7.5 ],
    "to": [ 10, 10.25, 7.75 ],
    "faces": {
        "down":  { "uv": [ 7.749, 6.249, 7.251, 5.751 ], "texture": "#texture" },
        "up":    { "uv": [ 7.749, 5.751, 7.251, 6.249 ], "texture": "#texture" },
        "north": { "uv": [ 7.749, 5.751, 7.251, 6.249 ], "texture": "#texture" },
        "west":  { "uv": [ 7.751, 5.751, 8.249, 6.249 ], "texture": "#texture" },
        "east":  { "uv": [ 7.249, 5.751, 6.751, 6.249 ], "texture": "#texture" }
    }
},
{
    "__comment": "Moonscepter",
    "from": [ 6.25, 11, 7.5 ],
    "to": [ 6.5, 11.25, 7.75 ],
    "faces": {
        "up":    { "uv": [ 7.749, 4.751, 7.251, 5.249 ], "texture": "#texture" },
        "north": { "uv": [ 7.749, 4.751, 7.251, 5.249 ], "texture": "#texture" },
        "east":  { "uv": [ 7.249, 4.751, 6.751, 5.249 ], "texture": "#texture" }
    }
},
{
    "__comment": "Moonscepter",
    "from": [ 6.25, 15.25, 7.5 ],
    "to": [ 7, 15.5, 7.75 ],
    "faces": {
        "down":  { "uv": [ 7.749, 0.999, 7.251, 0.501 ], "texture": "#texture" },
        "up":    { "uv": [ 7.749, 0.501, 7.251, 0.999 ], "texture": "#texture" },
        "north": { "uv": [ 7.749, 0.501, 7.251, 0.999 ], "texture": "#texture" },
        "west":  { "uv": [ 7.751, 0.501, 8.249, 0.999 ], "texture": "#texture" },
        "east":  { "uv": [ 7.249, 0.501, 6.751, 0.999 ], "texture": "#texture" }
    }
},
{
    "__comment": "Moonscepter",
    "from": [ 6.25, 9.75, 7.75 ],
    "to": [ 10, 10, 8.25 ],
    "faces": {
        "down":  { "uv": [ 8.249, 6.499, 7.751, 6.001 ], "texture": "#texture" },
        "north": { "uv": [ 8.249, 6.001, 7.751, 6.499 ], "texture": "#texture" },
        "south": { "uv": [ 8.249, 6.499, 7.751, 6.001 ], "texture": "#texture" },
        "west":  { "uv": [ 8.251, 6.001, 8.749, 6.499 ], "texture": "#texture" },
        "east":  { "uv": [ 7.749, 6.001, 7.251, 6.499 ], "texture": "#texture" }
    }
},
{
    "__comment": "Moonscepter",
    "from": [ 6.25, 14.25, 7.75 ],
    "to": [ 6.5, 14.5, 8.25 ],
    "faces": {
        "down":  { "uv": [ 8.249, 1.999, 7.751, 1.501 ], "texture": "#texture" },
        "north": { "uv": [ 8.249, 1.501, 7.751, 1.999 ], "texture": "#texture" },
        "south": { "uv": [ 8.249, 1.999, 7.751, 1.501 ], "texture": "#texture" },
        "east":  { "uv": [ 7.749, 1.501, 7.251, 1.999 ], "texture": "#texture" }
    }
},
{
    "__comment": "Moonscepter",
    "from": [ 6.25, 10, 8.25 ],
    "to": [ 10, 10.25, 8.5 ],
    "faces": {
        "down":  { "uv": [ 8.499, 6.249, 8.001, 5.751 ], "texture": "#texture" },
        "up":    { "uv": [ 8.499, 5.751, 8.001, 6.249 ], "texture": "#texture" },
        "south": { "uv": [ 8.499, 6.249, 8.001, 5.751 ], "texture": "#texture" },
        "west":  { "uv": [ 8.501, 5.751, 8.999, 6.249 ], "texture": "#texture" },
        "east":  { "uv": [ 7.999, 5.751, 7.501, 6.249 ], "texture": "#texture" }
    }
},
{
    "__comment": "Moonscepter",
    "from": [ 6.25, 11, 8.25 ],
    "to": [ 6.5, 11.25, 8.5 ],
    "faces": {
        "up":    { "uv": [ 8.499, 4.751, 8.001, 5.249 ], "texture": "#texture" },
        "south": { "uv": [ 8.499, 5.249, 8.001, 4.751 ], "texture": "#texture" },
        "east":  { "uv": [ 7.999, 4.751, 7.501, 5.249 ], "texture": "#texture" }
    }
},
{
    "__comment": "Moonscepter",
    "from": [ 6.25, 15.25, 8.25 ],
    "to": [ 7, 15.5, 8.5 ],
    "faces": {
        "down":  { "uv": [ 8.499, 0.999, 8.001, 0.501 ], "texture": "#texture" },
        "up":    { "uv": [ 8.499, 0.501, 8.001, 0.999 ], "texture": "#texture" },
        "south": { "uv": [ 8.499, 0.999, 8.001, 0.501 ], "texture": "#texture" },
        "west":  { "uv": [ 8.501, 0.501, 8.999, 0.999 ], "texture": "#texture" },
        "east":  { "uv": [ 7.999, 0.501, 7.501, 0.999 ], "texture": "#texture" }
    }
},
{
    "__comment": "Moonscepter",
    "from": [ 6.25, 10.25, 8.5 ],
    "to": [ 7, 10.5, 8.75 ],
    "faces": {
        "down":  { "uv": [ 8.749, 5.999, 8.251, 5.501 ], "texture": "#texture" },
        "up":    { "uv": [ 8.749, 5.501, 8.251, 5.999 ], "texture": "#texture" },
        "south": { "uv": [ 8.749, 5.999, 8.251, 5.501 ], "texture": "#texture" },
        "west":  { "uv": [ 8.751, 5.501, 9.249, 5.999 ], "texture": "#texture" },
        "east":  { "uv": [ 8.249, 5.501, 7.751, 5.999 ], "texture": "#texture" }
    }
},
{
    "__comment": "Moonscepter",
    "from": [ 6.5, 10, 7.25 ],
    "to": [ 6.75, 10.75, 7.5 ],
    "faces": {
        "down":  { "uv": [ 7.499, 5.749, 7.001, 5.251 ], "texture": "#texture" },
        "up":    { "uv": [ 7.499, 5.251, 7.001, 5.749 ], "texture": "#texture" },
        "north": { "uv": [ 7.499, 5.251, 7.001, 5.749 ], "texture": "#texture" },
        "south": { "uv": [ 7.499, 5.749, 7.001, 5.251 ], "texture": "#texture" },
        "west":  { "uv": [ 7.501, 5.251, 7.999, 5.749 ], "texture": "#texture" },
        "east":  { "uv": [ 6.999, 5.251, 6.501, 5.749 ], "texture": "#texture" }
    }
},
{
    "__comment": "Moonscepter",
    "from": [ 6.5, 9.75, 7.5 ],
    "to": [ 9.75, 10, 7.75 ],
    "faces": {
        "down":  { "uv": [ 7.749, 6.499, 7.251, 6.001 ], "texture": "#texture" },
        "north": { "uv": [ 7.749, 6.001, 7.251, 6.499 ], "texture": "#texture" },
        "west":  { "uv": [ 7.751, 6.001, 8.249, 6.499 ], "texture": "#texture" },
        "east":  { "uv": [ 7.249, 6.001, 6.751, 6.499 ], "texture": "#texture" }
    }
},
{
    "__comment": "Moonscepter",
    "from": [ 6.5, 10.75, 7.75 ],
    "to": [ 6.75, 11.5, 8.25 ],
    "faces": {
        "up":    { "uv": [ 8.249, 4.501, 7.751, 4.999 ], "texture": "#texture" },
        "north": { "uv": [ 7.751, 4.501, 8.249, 5.249 ], "texture": "#texture" },
        "south": { "uv": [ 8.249, 4.501, 7.751, 5.249 ], "texture": "#texture" },
        "east":  { "uv": [ 7.749, 4.501, 7.251, 5.249 ], "texture": "#texture" }
    }
},
{
    "__comment": "Moonscepter",
    "from": [ 6.5, 15.5, 7.75 ],
    "to": [ 8, 15.75, 8.25 ],
    "faces": {
        "down":  { "uv": [ 8.249, 0.749, 7.751, 0.251 ], "texture": "#texture" },
        "up":    { "uv": [ 8.249, 0.251, 7.751, 0.749 ], "texture": "#texture" },
        "north": { "uv": [ 8.249, 0.251, 7.751, 0.749 ], "texture": "#texture" },
        "south": { "uv": [ 8.249, 0.749, 7.751, 0.251 ], "texture": "#texture" },
        "west":  { "uv": [ 8.251, 0.251, 8.749, 0.749 ], "texture": "#texture" },
        "east":  { "uv": [ 7.749, 0.251, 7.251, 0.749 ], "texture": "#texture" }
    }
},
{
    "__comment": "Moonscepter",
    "from": [ 6.5, 9.75, 8.25 ],
    "to": [ 9.75, 10, 8.5 ],
    "faces": {
        "down":  { "uv": [ 8.499, 6.499, 8.001, 6.001 ], "texture": "#texture" },
        "south": { "uv": [ 8.499, 6.499, 8.001, 6.001 ], "texture": "#texture" },
        "west":  { "uv": [ 8.501, 6.001, 8.999, 6.499 ], "texture": "#texture" },
        "east":  { "uv": [ 7.999, 6.001, 7.501, 6.499 ], "texture": "#texture" }
    }
},
{
    "__comment": "Moonscepter",
    "from": [ 6.5, 10, 8.5 ],
    "to": [ 7.75, 10.25, 8.75 ],
    "faces": {
        "down":  { "uv": [ 8.749, 6.249, 8.251, 5.751 ], "texture": "#texture" },
        "up":    { "uv": [ 8.749, 5.751, 8.251, 6.249 ], "texture": "#texture" },
        "south": { "uv": [ 8.749, 6.249, 8.251, 5.751 ], "texture": "#texture" },
        "west":  { "uv": [ 8.751, 5.751, 9.249, 6.249 ], "texture": "#texture" },
        "east":  { "uv": [ 8.249, 5.751, 7.751, 6.249 ], "texture": "#texture" }
    }
},
{
    "__comment": "Moonscepter",
    "from": [ 6.5, 10.5, 8.5 ],
    "to": [ 6.75, 10.75, 8.75 ],
    "faces": {
        "up":    { "uv": [ 8.749, 5.251, 8.251, 5.749 ], "texture": "#texture" },
        "south": { "uv": [ 8.749, 5.749, 8.251, 5.251 ], "texture": "#texture" },
        "east":  { "uv": [ 8.249, 5.251, 7.751, 5.749 ], "texture": "#texture" }
    }
},
{
    "__comment": "Moonscepter",
    "from": [ 6.75, 10, 7.25 ],
    "to": [ 7, 10.5, 7.5 ],
    "faces": {
        "down":  { "uv": [ 7.499, 5.999, 7.001, 5.501 ], "texture": "#texture" },
        "up":    { "uv": [ 7.499, 5.501, 7.001, 5.999 ], "texture": "#texture" },
        "north": { "uv": [ 7.499, 5.501, 7.001, 5.999 ], "texture": "#texture" },
        "south": { "uv": [ 7.499, 5.999, 7.001, 5.501 ], "texture": "#texture" },
        "east":  { "uv": [ 6.999, 5.501, 6.501, 5.999 ], "texture": "#texture" }
    }
},
{
    "__comment": "Moonscepter",
    "from": [ 6.75, 15.5, 7.5 ],
    "to": [ 7.75, 15.75, 7.75 ],
    "faces": {
        "down":  { "uv": [ 7.749, 0.749, 7.251, 0.251 ], "texture": "#texture" },
        "up":    { "uv": [ 7.749, 0.251, 7.251, 0.749 ], "texture": "#texture" },
        "north": { "uv": [ 7.749, 0.251, 7.251, 0.749 ], "texture": "#texture" },
        "west":  { "uv": [ 7.751, 0.251, 8.249, 0.749 ], "texture": "#texture" },
        "east":  { "uv": [ 7.249, 0.251, 6.751, 0.749 ], "texture": "#texture" }
    }
},
{
    "__comment": "Moonscepter",
    "from": [ 6.75, 9.5, 7.75 ],
    "to": [ 9.5, 9.75, 8.25 ],
    "faces": {
        "down":  { "uv": [ 7.999, 6.499, 7.501, 6.001 ], "texture": "#texture" },
        "north": { "uv": [ 7.999, 6.001, 7.501, 6.499 ], "texture": "#texture" },
        "south": { "uv": [ 7.999, 6.499, 7.501, 6.001 ], "texture": "#texture" },
        "west":  { "uv": [ 8.001, 6.001, 8.499, 6.499 ], "texture": "#texture" },
        "east":  { "uv": [ 7.499, 6.001, 7.001, 6.499 ], "texture": "#texture" }
    }
},
{
    "__comment": "Moonscepter",
    "from": [ 6.75, 10.75, 7.75 ],
    "to": [ 7, 11, 8.25 ],
    "faces": {
        "up":    { "uv": [ 8.249, 5.001, 7.751, 5.499 ], "texture": "#texture" },
        "north": { "uv": [ 8.249, 5.001, 7.751, 5.499 ], "texture": "#texture" },
        "south": { "uv": [ 8.249, 5.499, 7.751, 5.001 ], "texture": "#texture" },
        "east":  { "uv": [ 7.749, 5.001, 7.251, 5.499 ], "texture": "#texture" }
    }
},
{
    "__comment": "Moonscepter",
    "from": [ 6.75, 15.5, 8.25 ],
    "to": [ 7.75, 15.75, 8.5 ],
    "faces": {
        "down":  { "uv": [ 8.499, 0.749, 8.001, 0.251 ], "texture": "#texture" },
        "up":    { "uv": [ 8.499, 0.251, 8.001, 0.749 ], "texture": "#texture" },
        "south": { "uv": [ 8.499, 0.749, 8.001, 0.251 ], "texture": "#texture" },
        "west":  { "uv": [ 8.501, 0.251, 8.999, 0.749 ], "texture": "#texture" },
        "east":  { "uv": [ 7.999, 0.251, 7.501, 0.749 ], "texture": "#texture" }
    }
},
{
    "__comment": "Moonscepter",
    "from": [ 7, 8, 7.25 ],
    "to": [ 9.25, 9, 8.75 ],
    "faces": {
        "down":  { "uv": [ 7.001, 7.251, 9.249, 8.749 ], "texture": "#texture" },
        "up":    { "uv": [ 7.001, 7.251, 9.249, 8.749 ], "texture": "#texture" },
        "north": { "uv": [ 7.001, 7.001, 9.249, 7.999 ], "texture": "#texture" },
        "south": { "uv": [ 7.001, 7.001, 9.249, 7.999 ], "texture": "#texture" },
        "west":  { "uv": [ 7.251, 7.001, 8.749, 7.999 ], "texture": "#texture" },
        "east":  { "uv": [ 7.251, 7.001, 8.749, 7.999 ], "texture": "#texture" }
    }
},
{
    "__comment": "Moonscepter",
    "from": [ 7, 10, 7.25 ],
    "to": [ 7.75, 10.25, 7.5 ],
    "faces": {
        "down":  { "uv": [ 7.001, 6.499, 7.499, 6.001 ], "texture": "#texture" },
        "up":    { "uv": [ 7.001, 6.001, 7.499, 6.499 ], "texture": "#texture" },
        "north": { "uv": [ 7.001, 6.001, 7.499, 6.499 ], "texture": "#texture" },
        "east":  { "uv": [ 7.499, 6.001, 7.001, 6.499 ], "texture": "#texture" }
    }
},
{
    "__comment": "Moonscepter",
    "from": [ 7, 15.75, 7.75 ],
    "to": [ 8.75, 16, 8.25 ],
    "faces": {
        "down":  { "uv": [ 8.249, 0.499, 7.751, 0.001 ], "texture": "#texture" },
        "up":    { "uv": [ 8.249, 0.001, 7.751, 0.499 ], "texture": "#texture", "cullface": "up" },
        "north": { "uv": [ 8.249, 0.001, 7.751, 0.499 ], "texture": "#texture" },
        "south": { "uv": [ 8.249, 0.499, 7.751, 0.001 ], "texture": "#texture" },
        "west":  { "uv": [ 8.251, 0.001, 8.749, 0.499 ], "texture": "#texture" },
        "east":  { "uv": [ 7.749, 0.001, 7.251, 0.499 ], "texture": "#texture" }
    }
},
{
    "__comment": "Moonscepter",
    "from": [ 7.25, 7.75, 7.25 ],
    "to": [ 9.25, 8, 8.75 ],
    "faces": {
        "down":  { "uv": [ 8.749, 8.749, 6.751, 7.251 ], "texture": "#texture" },
        "north": { "uv": [ 6.751, 8.001, 8.749, 8.249 ], "texture": "#texture" },
        "south": { "uv": [ 7.251, 8.001, 9.249, 8.249 ], "texture": "#texture" },
        "west":  { "uv": [ 7.251, 8.001, 8.749, 8.249 ], "texture": "#texture" },
        "east":  { "uv": [ 7.251, 8.001, 8.749, 8.249 ], "texture": "#texture" }
    }
},
{
    "__comment": "Moonscepter",
    "from": [ 7.25, 9, 7.25 ],
    "to": [ 9, 9.5, 8.75 ],
    "faces": {
        "up":    { "uv": [ 7.251, 7.251, 8.999, 8.749 ], "texture": "#texture" },
        "north": { "uv": [ 7.001, 6.501, 8.749, 6.999 ], "texture": "#texture" },
        "south": { "uv": [ 7.251, 6.501, 8.999, 6.999 ], "texture": "#texture" },
        "west":  { "uv": [ 7.251, 6.501, 8.749, 6.999 ], "texture": "#texture" },
        "east":  { "uv": [ 7.251, 6.501, 8.749, 6.999 ], "texture": "#texture" }
    }
},
{
    "__comment": "Moonscepter",
    "from": [ 7.25, 11, 7.5 ],
    "to": [ 9, 11.5, 8.5 ],
    "faces": {
        "down":  { "uv": [ 0.001, 13.501, 2.499, 15.999 ], "texture": "#texture", "tintindex": 0 },
        "up":    { "uv": [ 0.001, 13.501, 2.499, 15.999 ], "texture": "#texture", "tintindex": 0 },
        "north": { "uv": [ 0.001, 13.501, 2.499, 15.999 ], "texture": "#texture", "tintindex": 0 },
        "south": { "uv": [ 0.001, 13.501, 2.499, 15.999 ], "texture": "#texture", "tintindex": 0 },
        "west":  { "uv": [ 0.001, 13.501, 2.499, 15.999 ], "texture": "#texture", "tintindex": 0 },
        "east":  { "uv": [ 0.001, 13.501, 2.499, 15.999 ], "texture": "#texture", "tintindex": 0 }
    }
},
{
    "__comment": "Moonscepter",
    "from": [ 7.25, 0.25, 7.75 ],
    "to": [ 9, 1, 8.25 ],
    "faces": {
        "down":  { "uv": [ 8.749, 8.249, 7.001, 7.751 ], "texture": "#texture" },
        "up":    { "uv": [ 7.251, 7.751, 8.999, 8.249 ], "texture": "#texture" },
        "north": { "uv": [ 7.001, 15.001, 8.749, 15.749 ], "texture": "#texture" },
        "south": { "uv": [ 7.251, 15.001, 8.999, 15.749 ], "texture": "#texture" },
        "west":  { "uv": [ 7.751, 15.001, 8.249, 15.749 ], "texture": "#texture" },
        "east":  { "uv": [ 7.751, 15.001, 8.249, 15.749 ], "texture": "#texture" }
    }
},
{
    "__comment": "Moonscepter",
    "from": [ 7.25, 10.75, 7.75 ],
    "to": [ 9, 11, 8.25 ],
    "faces": {
        "down":  { "uv": [ 0.001, 13.501, 2.499, 15.999 ], "texture": "#texture", "tintindex": 0 },
        "north": { "uv": [ 0.001, 13.501, 2.499, 15.999 ], "texture": "#texture", "tintindex": 0 },
        "south": { "uv": [ 0.001, 13.501, 2.499, 15.999 ], "texture": "#texture", "tintindex": 0 },
        "west":  { "uv": [ 0.001, 13.501, 2.499, 15.999 ], "texture": "#texture", "tintindex": 0 },
        "east":  { "uv": [ 0.001, 13.501, 2.499, 15.999 ], "texture": "#texture", "tintindex": 0 }
    }
},
{
    "__comment": "Moonscepter",
    "from": [ 7.25, 11.5, 7.75 ],
    "to": [ 9, 11.75, 8.25 ],
    "faces": {
        "up":    { "uv": [ 0.001, 13.501, 2.499, 15.999 ], "texture": "#texture", "tintindex": 0 },
        "north": { "uv": [ 0.001, 13.501, 2.499, 15.999 ], "texture": "#texture", "tintindex": 0 },
        "south": { "uv": [ 0.001, 13.501, 2.499, 15.999 ], "texture": "#texture", "tintindex": 0 },
        "west":  { "uv": [ 0.001, 13.501, 2.499, 15.999 ], "texture": "#texture", "tintindex": 0 },
        "east":  { "uv": [ 0.001, 13.501, 2.499, 15.999 ], "texture": "#texture", "tintindex": 0 }
    }
},
{
    "__comment": "Moonscepter",
    "from": [ 7.5, 8, 7 ],
    "to": [ 8.75, 9, 7.25 ],
    "faces": {
        "down":  { "uv": [ 1.999, 8.001, 0.751, 8.499 ], "texture": "#texture" },
        "up":    { "uv": [ 0.001, 6.501, 1.999, 6.999 ], "texture": "#texture" },
        "north": { "uv": [ 0.001, 6.501, 2.499, 8.499 ], "texture": "#texture" },
        "west":  { "uv": [ 0.001, 7.001, 0.499, 7.999 ], "texture": "#texture" },
        "east":  { "uv": [ 2.001, 6.501, 2.499, 7.499 ], "texture": "#texture" }
    }
},
{
    "__comment": "Moonscepter",
    "from": [ 7.5, 7.5, 7.25 ],
    "to": [ 9, 7.75, 8.75 ],
    "faces": {
        "down":  { "uv": [ 8.499, 8.749, 7.001, 7.251 ], "texture": "#texture" },
        "north": { "uv": [ 7.001, 8.251, 8.499, 8.499 ], "texture": "#texture" },
        "south": { "uv": [ 7.501, 8.251, 8.999, 8.499 ], "texture": "#texture" },
        "west":  { "uv": [ 7.251, 8.251, 8.749, 8.499 ], "texture": "#texture" },
        "east":  { "uv": [ 7.251, 8.251, 8.749, 8.499 ], "texture": "#texture" }
    }
},
{
    "__comment": "Moonscepter",
    "from": [ 7.5, 9.75, 7.25 ],
    "to": [ 9, 10, 7.5 ],
    "faces": {
        "down":  { "uv": [ 7.499, 6.499, 7.001, 6.001 ], "texture": "#texture" },
        "up":    { "uv": [ 7.499, 6.001, 7.001, 6.499 ], "texture": "#texture" },
        "north": { "uv": [ 7.499, 6.001, 7.001, 6.499 ], "texture": "#texture" },
        "west":  { "uv": [ 7.501, 6.001, 7.999, 6.499 ], "texture": "#texture" },
        "east":  { "uv": [ 6.999, 6.001, 6.501, 6.499 ], "texture": "#texture" }
    }
},
{
    "__comment": "Moonscepter",
    "from": [ 7.5, 10.75, 7.25 ],
    "to": [ 8.75, 11, 7.75 ],
    "faces": {
        "down":  { "uv": [ 0.001, 13.501, 2.499, 15.999 ], "texture": "#texture", "tintindex": 0 },
        "up":    { "uv": [ 0.001, 13.501, 2.499, 15.999 ], "texture": "#texture", "tintindex": 0 },
        "north": { "uv": [ 0.001, 13.501, 2.499, 15.999 ], "texture": "#texture", "tintindex": 0 },
        "west":  { "uv": [ 0.001, 13.501, 2.499, 15.999 ], "texture": "#texture", "tintindex": 0 },
        "east":  { "uv": [ 0.001, 13.501, 2.499, 15.999 ], "texture": "#texture", "tintindex": 0 }
    }
},
{
    "__comment": "Moonscepter",
    "from": [ 7.5, 11, 7.25 ],
    "to": [ 8.75, 11.75, 7.5 ],
    "faces": {
        "up":    { "uv": [ 0.001, 13.501, 2.499, 15.999 ], "texture": "#texture", "tintindex": 0 },
        "north": { "uv": [ 0.001, 13.501, 2.499, 15.999 ], "texture": "#texture", "tintindex": 0 },
        "south": { "uv": [ 0.001, 13.501, 2.499, 15.999 ], "texture": "#texture", "tintindex": 0 },
        "west":  { "uv": [ 0.001, 13.501, 2.499, 15.999 ], "texture": "#texture", "tintindex": 0 },
        "east":  { "uv": [ 0.001, 13.501, 2.499, 15.999 ], "texture": "#texture", "tintindex": 0 }
    }
},
{
    "__comment": "Moonscepter",
    "from": [ 7.5, 0.25, 7.5 ],
    "to": [ 8.75, 1, 7.75 ],
    "faces": {
        "down":  { "uv": [ 8.499, 7.749, 7.251, 7.501 ], "texture": "#texture" },
        "up":    { "uv": [ 7.501, 7.501, 8.749, 7.749 ], "texture": "#texture" },
        "north": { "uv": [ 7.251, 15.001, 8.499, 15.749 ], "texture": "#texture" },
        "west":  { "uv": [ 7.501, 15.001, 7.749, 15.749 ], "texture": "#texture" },
        "east":  { "uv": [ 8.251, 15.001, 8.499, 15.749 ], "texture": "#texture" }
    }
},
{
    "__comment": "Moonscepter",
    "from": [ 7.5, 9.5, 7.5 ],
    "to": [ 8.75, 9.75, 7.75 ],
    "faces": {
        "north": { "uv": [ 7.251, 6.251, 8.499, 6.499 ], "texture": "#texture" },
        "west":  { "uv": [ 7.501, 6.251, 7.749, 6.499 ], "texture": "#texture" },
        "east":  { "uv": [ 8.251, 6.251, 8.499, 6.499 ], "texture": "#texture" }
    }
},
{
    "__comment": "Moonscepter",
    "from": [ 7.5, 10.5, 7.5 ],
    "to": [ 8.75, 10.75, 7.75 ],
    "faces": {
        "down":  { "uv": [ 0.001, 13.501, 2.499, 15.999 ], "texture": "#texture" },
        "north": { "uv": [ 0.001, 13.501, 2.499, 15.999 ], "texture": "#texture" },
        "west":  { "uv": [ 0.001, 13.501, 2.499, 15.999 ], "texture": "#texture" },
        "east":  { "uv": [ 0.001, 13.501, 2.499, 15.999 ], "texture": "#texture" }
    }
},
{
    "__comment": "Moonscepter",
    "from": [ 7.5, 11.5, 7.5 ],
    "to": [ 8.75, 12, 7.75 ],
    "faces": {
        "up":    { "uv": [ 0.001, 13.501, 2.499, 15.999 ], "texture": "#texture", "tintindex": 0 },
        "north": { "uv": [ 0.001, 13.501, 2.499, 15.999 ], "texture": "#texture", "tintindex": 0 },
        "south": { "uv": [ 0.001, 13.501, 2.499, 15.999 ], "texture": "#texture", "tintindex": 0 },
        "west":  { "uv": [ 0.001, 13.501, 2.499, 15.999 ], "texture": "#texture", "tintindex": 0 },
        "east":  { "uv": [ 0.001, 13.501, 2.499, 15.999 ], "texture": "#texture", "tintindex": 0 }
    }
},
{
    "__comment": "Moonscepter",
    "from": [ 7.5, 0, 7.75 ],
    "to": [ 8.75, 0.25, 8.25 ],
    "faces": {
        "down":  { "uv": [ 8.499, 8.249, 7.251, 7.751 ], "texture": "#texture", "cullface": "down" },
        "north": { "uv": [ 7.251, 15.751, 8.499, 15.999 ], "texture": "#texture" },
        "south": { "uv": [ 7.501, 15.751, 8.749, 15.999 ], "texture": "#texture" },
        "west":  { "uv": [ 7.751, 15.751, 8.249, 15.999 ], "texture": "#texture" },
        "east":  { "uv": [ 7.751, 15.751, 8.249, 15.999 ], "texture": "#texture" }
    }
},
{
    "__comment": "Moonscepter",
    "from": [ 7.5, 1, 7.75 ],
    "to": [ 8.75, 1.25, 8.25 ],
    "faces": {
        "up":    { "uv": [ 7.501, 7.751, 8.749, 8.249 ], "texture": "#texture" },
        "north": { "uv": [ 7.251, 14.751, 8.499, 14.999 ], "texture": "#texture" },
        "south": { "uv": [ 7.501, 14.751, 8.749, 14.999 ], "texture": "#texture" },
        "west":  { "uv": [ 7.751, 14.751, 8.249, 14.999 ], "texture": "#texture" },
        "east":  { "uv": [ 7.751, 14.751, 8.249, 14.999 ], "texture": "#texture" }
    }
},
{
    "__comment": "Moonscepter",
    "from": [ 7.5, 11.75, 7.75 ],
    "to": [ 8.75, 12, 8.5 ],
    "faces": {
        "down":  { "uv": [ 0.001, 0.001, 15.999, 15.999 ], "texture": "#texture", "tintindex": 0 },
        "up":    { "uv": [ 0.001, 13.501, 2.499, 15.999 ], "texture": "#texture", "tintindex": 0 },
        "south": { "uv": [ 0.001, 13.501, 2.499, 15.999 ], "texture": "#texture", "tintindex": 0 },
        "west":  { "uv": [ 0.001, 13.501, 2.499, 15.999 ], "texture": "#texture", "tintindex": 0 },
        "east":  { "uv": [ 0.001, 13.501, 2.499, 15.999 ], "texture": "#texture", "tintindex": 0 }
    }
},
{
    "__comment": "Moonscepter",
    "from": [ 7.5, 0.25, 8.25 ],
    "to": [ 8.75, 1, 8.5 ],
    "faces": {
        "down":  { "uv": [ 8.499, 8.499, 7.251, 8.251 ], "texture": "#texture" },
        "up":    { "uv": [ 7.501, 8.251, 8.749, 8.499 ], "texture": "#texture" },
        "south": { "uv": [ 7.501, 15.001, 8.749, 15.749 ], "texture": "#texture" },
        "west":  { "uv": [ 8.251, 15.001, 8.499, 15.749 ], "texture": "#texture" },
        "east":  { "uv": [ 7.501, 15.001, 7.749, 15.749 ], "texture": "#texture" }
    }
},
{
    "__comment": "Moonscepter",
    "from": [ 7.5, 9.5, 8.25 ],
    "to": [ 8.75, 9.75, 8.5 ],
    "faces": {
        "south": { "uv": [ 7.501, 6.251, 8.749, 6.499 ], "texture": "#texture" },
        "west":  { "uv": [ 8.251, 6.251, 8.499, 6.499 ], "texture": "#texture" },
        "east":  { "uv": [ 7.501, 6.251, 7.749, 6.499 ], "texture": "#texture" }
    }
},
{
    "__comment": "Moonscepter",
    "from": [ 7.5, 10.5, 8.25 ],
    "to": [ 8.75, 11, 8.5 ],
    "faces": {
        "down":  { "uv": [ 0.001, 13.501, 2.499, 15.999 ], "texture": "#texture", "tintindex": 0 },
        "north": { "uv": [ 0.001, 13.501, 2.499, 15.999 ], "texture": "#texture", "tintindex": 0 },
        "south": { "uv": [ 0.001, 13.501, 2.499, 15.999 ], "texture": "#texture", "tintindex": 0 },
        "west":  { "uv": [ 0.001, 13.501, 2.499, 15.999 ], "texture": "#texture", "tintindex": 0 },
        "east":  { "uv": [ 0.001, 13.501, 2.499, 15.999 ], "texture": "#texture", "tintindex": 0 }
    }
},
{
    "__comment": "Moonscepter",
    "from": [ 7.5, 11.5, 8.25 ],
    "to": [ 8.75, 11.75, 8.75 ],
    "faces": {
        "down":  { "uv": [ 0.001, 0.001, 15.999, 15.999 ], "texture": "#texture", "tintindex": 0 },
        "up":    { "uv": [ 0.001, 13.501, 2.499, 15.999 ], "texture": "#texture", "tintindex": 0 },
        "south": { "uv": [ 0.001, 13.501, 2.499, 15.999 ], "texture": "#texture", "tintindex": 0 },
        "west":  { "uv": [ 0.001, 13.501, 2.499, 15.999 ], "texture": "#texture", "tintindex": 0 },
        "east":  { "uv": [ 0.001, 13.501, 2.499, 15.999 ], "texture": "#texture", "tintindex": 0 }
    }
},
{
    "__comment": "Moonscepter",
    "from": [ 7.5, 9.75, 8.5 ],
    "to": [ 9, 10, 8.75 ],
    "faces": {
        "down":  { "uv": [ 8.749, 6.499, 8.251, 6.001 ], "texture": "#texture" },
        "up":    { "uv": [ 8.749, 6.001, 8.251, 6.499 ], "texture": "#texture" },
        "south": { "uv": [ 8.749, 6.499, 8.251, 6.001 ], "texture": "#texture" },
        "west":  { "uv": [ 8.751, 6.001, 9.249, 6.499 ], "texture": "#texture" },
        "east":  { "uv": [ 8.249, 6.001, 7.751, 6.499 ], "texture": "#texture" }
    }
},
{
    "__comment": "Moonscepter",
    "from": [ 7.5, 10.75, 8.5 ],
    "to": [ 8.75, 11.5, 8.75 ],
    "faces": {
        "down":  { "uv": [ 0.001, 13.501, 2.499, 15.999 ], "texture": "#texture", "tintindex": 0 },
        "north": { "uv": [ 0.001, 13.501, 2.499, 15.999 ], "texture": "#texture", "tintindex": 0 },
        "south": { "uv": [ 0.001, 13.501, 2.499, 15.999 ], "texture": "#texture", "tintindex": 0 },
        "west":  { "uv": [ 0.001, 13.501, 2.499, 15.999 ], "texture": "#texture", "tintindex": 0 },
        "east":  { "uv": [ 0.001, 13.501, 2.499, 15.999 ], "texture": "#texture", "tintindex": 0 }
    }
},
{
    "__comment": "Moonscepter",
    "from": [ 7.5, 8, 8.75 ],
    "to": [ 8.75, 9, 9 ],
    "faces": {
        "down":  { "uv": [ 7.501, 8.751, 8.749, 8.999 ], "texture": "#texture" },
        "up":    { "uv": [ 7.501, 8.751, 8.749, 8.999 ], "texture": "#texture" },
        "south": { "uv": [ 0.001, 6.501, 2.499, 8.499 ], "texture": "#texture" },
        "west":  { "uv": [ 8.751, 7.001, 8.999, 7.999 ], "texture": "#texture" },
        "east":  { "uv": [ 8.751, 7.001, 8.999, 7.999 ], "texture": "#texture" }
    }
},
{
    "__comment": "Moonscepter",
    "from": [ 7.75, 7.75, 7 ],
    "to": [ 8.5, 8, 7.25 ],
    "faces": {
        "down":  { "uv": [ 8.249, 7.249, 7.501, 7.001 ], "texture": "#texture" },
        "north": { "uv": [ 7.501, 8.001, 8.249, 8.249 ], "texture": "#texture" },
        "west":  { "uv": [ 7.001, 8.001, 7.249, 8.249 ], "texture": "#texture" },
        "east":  { "uv": [ 8.751, 8.001, 8.999, 8.249 ], "texture": "#texture" }
    }
},
{
    "__comment": "Moonscepter",
    "from": [ 7.75, 9, 7 ],
    "to": [ 8.75, 9.25, 7.25 ],
    "faces": {
        "up":    { "uv": [ 7.751, 7.001, 8.749, 7.249 ], "texture": "#texture" },
        "north": { "uv": [ 7.251, 6.751, 8.249, 6.999 ], "texture": "#texture" },
        "west":  { "uv": [ 7.001, 6.751, 7.249, 6.999 ], "texture": "#texture" },
        "east":  { "uv": [ 8.751, 6.751, 8.999, 6.999 ], "texture": "#texture" }
    }
},
{
    "__comment": "Moonscepter",
    "from": [ 7.75, 0.25, 7.25 ],
    "to": [ 8.5, 1, 7.5 ],
    "faces": {
        "down":  { "uv": [ 8.249, 7.499, 7.501, 7.251 ], "texture": "#texture" },
        "up":    { "uv": [ 7.751, 7.251, 8.499, 7.499 ], "texture": "#texture" },
        "north": { "uv": [ 7.501, 15.001, 8.249, 15.749 ], "texture": "#texture" },
        "west":  { "uv": [ 7.251, 15.001, 7.499, 15.749 ], "texture": "#texture" },
        "east":  { "uv": [ 8.501, 15.001, 8.749, 15.749 ], "texture": "#texture" }
    }
},
{
    "__comment": "Moonscepter",
    "from": [ 7.75, 9.5, 7.25 ],
    "to": [ 8.5, 9.75, 7.5 ],
    "faces": {
        "north": { "uv": [ 7.501, 6.251, 8.249, 6.499 ], "texture": "#texture" },
        "west":  { "uv": [ 7.251, 6.251, 7.499, 6.499 ], "texture": "#texture" },
        "east":  { "uv": [ 8.501, 6.251, 8.749, 6.499 ], "texture": "#texture" }
    }
},
{
    "__comment": "Moonscepter",
    "from": [ 7.75, 10.5, 7.25 ],
    "to": [ 8.5, 10.75, 7.5 ],
    "faces": {
        "down":  { "uv": [ 0.001, 13.501, 2.499, 15.999 ], "texture": "#texture" },
        "north": { "uv": [ 0.001, 13.501, 2.499, 15.999 ], "texture": "#texture" },
        "west":  { "uv": [ 0.001, 13.501, 2.499, 15.999 ], "texture": "#texture" },
        "east":  { "uv": [ 0.001, 13.501, 2.499, 15.999 ], "texture": "#texture" }
    }
},
{
    "__comment": "Moonscepter",
    "from": [ 7.75, 11.75, 7.25 ],
    "to": [ 8.5, 12, 7.5 ],
    "faces": {
        "up":    { "uv": [ 0.001, 13.501, 2.499, 15.999 ], "texture": "#texture", "tintindex": 0 },
        "north": { "uv": [ 0.001, 13.501, 2.499, 15.999 ], "texture": "#texture", "tintindex": 0 },
        "west":  { "uv": [ 0.001, 13.501, 2.499, 15.999 ], "texture": "#texture", "tintindex": 0 },
        "east":  { "uv": [ 0.001, 13.501, 2.499, 15.999 ], "texture": "#texture", "tintindex": 0 }
    }
},
{
    "__comment": "Moonscepter",
    "from": [ 7.75, 0, 7.5 ],
    "to": [ 8.5, 0.25, 7.75 ],
    "faces": {
        "down":  { "uv": [ 8.249, 7.749, 7.501, 7.501 ], "texture": "#texture", "cullface": "down" },
        "north": { "uv": [ 7.501, 15.751, 8.249, 15.999 ], "texture": "#texture" },
        "west":  { "uv": [ 7.501, 15.751, 7.749, 15.999 ], "texture": "#texture" },
        "east":  { "uv": [ 8.251, 15.751, 8.499, 15.999 ], "texture": "#texture" }
    }
},
{
    "__comment": "Moonscepter",
    "from": [ 7.75, 1, 7.5 ],
    "to": [ 8.5, 1.25, 7.75 ],
    "faces": {
        "up":    { "uv": [ 7.751, 7.501, 8.499, 7.749 ], "texture": "#texture" },
        "north": { "uv": [ 7.501, 14.751, 8.249, 14.999 ], "texture": "#texture" },
        "west":  { "uv": [ 7.501, 14.751, 7.749, 14.999 ], "texture": "#texture" },
        "east":  { "uv": [ 8.251, 14.751, 8.499, 14.999 ], "texture": "#texture" }
    }
},
{
    "__comment": "Moonscepter",
    "from": [ 7.75, 15.75, 7.5 ],
    "to": [ 8, 16, 7.75 ],
    "faces": {
        "down":  { "uv": [ 7.749, 0.499, 7.251, 0.001 ], "texture": "#texture" },
        "up":    { "uv": [ 7.749, 0.001, 7.251, 0.499 ], "texture": "#texture", "cullface": "up" },
        "north": { "uv": [ 7.749, 0.001, 7.251, 0.499 ], "texture": "#texture" },
        "west":  { "uv": [ 7.751, 0.001, 8.249, 0.499 ], "texture": "#texture" },
        "east":  { "uv": [ 7.249, 0.001, 6.751, 0.499 ], "texture": "#texture" }
    }
},
{
    "__comment": "Moonscepter",
    "from": [ 7.75, 1.25, 7.75 ],
    "to": [ 8.75, 7.5, 8.25 ],
    "faces": {
        "north": { "uv": [ 7.251, 8.501, 8.249, 14.749 ], "texture": "#texture" },
        "south": { "uv": [ 7.751, 8.501, 8.749, 14.749 ], "texture": "#texture" },
        "west":  { "uv": [ 7.751, 8.501, 8.249, 14.749 ], "texture": "#texture" },
        "east":  { "uv": [ 7.751, 8.501, 8.249, 14.749 ], "texture": "#texture" }
    }
},
{
    "__comment": "Moonscepter",
    "from": [ 7.75, 0, 8.25 ],
    "to": [ 8.5, 0.25, 8.5 ],
    "faces": {
        "down":  { "uv": [ 8.249, 8.499, 7.501, 8.251 ], "texture": "#texture", "cullface": "down" },
        "south": { "uv": [ 7.751, 15.751, 8.499, 15.999 ], "texture": "#texture" },
        "west":  { "uv": [ 8.251, 15.751, 8.499, 15.999 ], "texture": "#texture" },
        "east":  { "uv": [ 7.501, 15.751, 7.749, 15.999 ], "texture": "#texture" }
    }
},
{
    "__comment": "Moonscepter",
    "from": [ 7.75, 1, 8.25 ],
    "to": [ 8.5, 1.25, 8.5 ],
    "faces": {
        "up":    { "uv": [ 7.751, 8.251, 8.499, 8.499 ], "texture": "#texture" },
        "south": { "uv": [ 7.751, 14.751, 8.499, 14.999 ], "texture": "#texture" },
        "west":  { "uv": [ 8.251, 14.751, 8.499, 14.999 ], "texture": "#texture" },
        "east":  { "uv": [ 7.501, 14.751, 7.749, 14.999 ], "texture": "#texture" }
    }
},
{
    "__comment": "Moonscepter",
    "from": [ 7.75, 15.75, 8.25 ],
    "to": [ 8, 16, 8.5 ],
    "faces": {
        "down":  { "uv": [ 8.499, 0.499, 8.001, 0.001 ], "texture": "#texture" },
        "up":    { "uv": [ 8.499, 0.001, 8.001, 0.499 ], "texture": "#texture", "cullface": "up" },
        "south": { "uv": [ 8.499, 0.499, 8.001, 0.001 ], "texture": "#texture" },
        "west":  { "uv": [ 8.501, 0.001, 8.999, 0.499 ], "texture": "#texture" },
        "east":  { "uv": [ 7.999, 0.001, 7.501, 0.499 ], "texture": "#texture" }
    }
},
{
    "__comment": "Moonscepter",
    "from": [ 7.75, 0.25, 8.5 ],
    "to": [ 8.5, 1, 8.75 ],
    "faces": {
        "down":  { "uv": [ 8.249, 8.749, 7.501, 8.501 ], "texture": "#texture" },
        "up":    { "uv": [ 7.751, 8.501, 8.499, 8.749 ], "texture": "#texture" },
        "south": { "uv": [ 7.751, 15.001, 8.499, 15.749 ], "texture": "#texture" },
        "west":  { "uv": [ 8.501, 15.001, 8.749, 15.749 ], "texture": "#texture" },
        "east":  { "uv": [ 7.251, 15.001, 7.499, 15.749 ], "texture": "#texture" }
    }
},
{
    "__comment": "Moonscepter",
    "from": [ 7.75, 9.5, 8.5 ],
    "to": [ 8.5, 9.75, 8.75 ],
    "faces": {
        "south": { "uv": [ 7.751, 6.251, 8.499, 6.499 ], "texture": "#texture" },
        "west":  { "uv": [ 8.501, 6.251, 8.749, 6.499 ], "texture": "#texture" },
        "east":  { "uv": [ 7.251, 6.251, 7.499, 6.499 ], "texture": "#texture" }
    }
},
{
    "__comment": "Moonscepter",
    "from": [ 7.75, 10.5, 8.5 ],
    "to": [ 8.5, 10.75, 8.75 ],
    "faces": {
        "down":  { "uv": [ 0.001, 13.501, 2.499, 15.999 ], "texture": "#texture" },
        "south": { "uv": [ 0.001, 13.501, 2.499, 15.999 ], "texture": "#texture" },
        "west":  { "uv": [ 0.001, 13.501, 2.499, 15.999 ], "texture": "#texture" },
        "east":  { "uv": [ 0.001, 13.501, 2.499, 15.999 ], "texture": "#texture" }
    }
},
{
    "__comment": "Moonscepter",
    "from": [ 7.75, 11.75, 8.5 ],
    "to": [ 8.5, 12, 8.75 ],
    "faces": {
        "up":    { "uv": [ 0.001, 13.501, 2.499, 15.999 ], "texture": "#texture", "tintindex": 0 },
        "south": { "uv": [ 0.001, 13.501, 2.499, 15.999 ], "texture": "#texture", "tintindex": 0 },
        "west":  { "uv": [ 0.001, 13.501, 2.499, 15.999 ], "texture": "#texture", "tintindex": 0 },
        "east":  { "uv": [ 0.001, 13.501, 2.499, 15.999 ], "texture": "#texture", "tintindex": 0 }
    }
},
{
    "__comment": "Moonscepter",
    "from": [ 7.75, 7.75, 8.75 ],
    "to": [ 8.5, 8, 9 ],
    "faces": {
        "down":  { "uv": [ 8.249, 8.999, 7.501, 8.751 ], "texture": "#texture" },
        "south": { "uv": [ 7.751, 8.001, 8.499, 8.249 ], "texture": "#texture" },
        "west":  { "uv": [ 8.751, 8.001, 8.999, 8.249 ], "texture": "#texture" },
        "east":  { "uv": [ 7.001, 8.001, 7.249, 8.249 ], "texture": "#texture" }
    }
},
{
    "__comment": "Moonscepter",
    "from": [ 7.75, 9, 8.75 ],
    "to": [ 8.75, 9.25, 9 ],
    "faces": {
        "up":    { "uv": [ 8.999, 6.751, 8.501, 7.249 ], "texture": "#texture" },
        "south": { "uv": [ 8.999, 7.249, 8.501, 6.751 ], "texture": "#texture" },
        "west":  { "uv": [ 9.001, 6.751, 9.499, 7.249 ], "texture": "#texture" },
        "east":  { "uv": [ 8.499, 6.751, 8.001, 7.249 ], "texture": "#texture" }
    }
},
{
    "__comment": "Moonscepter",
    "from": [ 8, 0.25, 7 ],
    "to": [ 8.25, 1, 7.25 ],
    "faces": {
        "down":  { "uv": [ 7.999, 7.249, 7.751, 7.001 ], "texture": "#texture" },
        "up":    { "uv": [ 8.001, 7.001, 8.249, 7.249 ], "texture": "#texture" },
        "north": { "uv": [ 7.751, 15.001, 7.999, 15.749 ], "texture": "#texture" },
        "west":  { "uv": [ 7.001, 15.001, 7.249, 15.749 ], "texture": "#texture" },
        "east":  { "uv": [ 8.751, 15.001, 8.999, 15.749 ], "texture": "#texture" }
    }
},
{
    "__comment": "Moonscepter",
    "from": [ 8, 11, 7 ],
    "to": [ 8.25, 11.5, 7.25 ],
    "faces": {
        "down":  { "uv": [ 0.001, 13.501, 2.499, 15.999 ], "texture": "#texture", "tintindex": 0 },
        "up":    { "uv": [ 0.001, 13.501, 2.499, 15.999 ], "texture": "#texture", "tintindex": 0 },
        "north": { "uv": [ 0.001, 13.501, 2.499, 15.999 ], "texture": "#texture", "tintindex": 0 },
        "west":  { "uv": [ 0.001, 13.501, 2.499, 15.999 ], "texture": "#texture", "tintindex": 0 },
        "east":  { "uv": [ 0.001, 13.501, 2.499, 15.999 ], "texture": "#texture", "tintindex": 0 }
    }
},
{
    "__comment": "Moonscepter",
    "from": [ 8, 0, 7.25 ],
    "to": [ 8.25, 0.25, 7.5 ],
    "faces": {
        "down":  { "uv": [ 7.999, 7.499, 7.751, 7.251 ], "texture": "#texture", "cullface": "down" },
        "north": { "uv": [ 7.751, 15.751, 7.999, 15.999 ], "texture": "#texture" },
        "west":  { "uv": [ 7.251, 15.751, 7.499, 15.999 ], "texture": "#texture" },
        "east":  { "uv": [ 8.501, 15.751, 8.749, 15.999 ], "texture": "#texture" }
    }
},
{
    "__comment": "Moonscepter",
    "from": [ 8, 1, 7.25 ],
    "to": [ 8.25, 1.25, 7.5 ],
    "faces": {
        "up":    { "uv": [ 8.001, 7.251, 8.249, 7.499 ], "texture": "#texture" },
        "north": { "uv": [ 7.751, 14.751, 7.999, 14.999 ], "texture": "#texture" },
        "west":  { "uv": [ 7.251, 14.751, 7.499, 14.999 ], "texture": "#texture" },
        "east":  { "uv": [ 8.501, 14.751, 8.749, 14.999 ], "texture": "#texture" }
    }
},
{
    "__comment": "Moonscepter",
    "from": [ 8, 1.25, 7.5 ],
    "to": [ 8.5, 7.5, 7.75 ],
    "faces": {
        "north": { "uv": [ 7.501, 8.501, 7.999, 14.749 ], "texture": "#texture" },
        "west":  { "uv": [ 7.501, 8.501, 7.749, 14.749 ], "texture": "#texture" },
        "east":  { "uv": [ 8.251, 8.501, 8.499, 14.749 ], "texture": "#texture" }
    }
},
{
    "__comment": "Moonscepter",
    "from": [ 8, 12, 7.75 ],
    "to": [ 8.5, 12.25, 8.25 ],
    "faces": {
        "up":    { "uv": [ 0.001, 13.501, 2.499, 15.999 ], "texture": "#texture", "tintindex": 0 },
        "north": { "uv": [ 0.001, 13.501, 2.499, 15.999 ], "texture": "#texture", "tintindex": 0 },
        "south": { "uv": [ 0.001, 13.501, 2.499, 15.999 ], "texture": "#texture", "tintindex": 0 },
        "west":  { "uv": [ 0.001, 13.501, 2.499, 15.999 ], "texture": "#texture", "tintindex": 0 },
        "east":  { "uv": [ 0.001, 13.501, 2.499, 15.999 ], "texture": "#texture", "tintindex": 0 }
    }
},
{
    "__comment": "Moonscepter",
    "from": [ 8, 1.25, 8.25 ],
    "to": [ 8.5, 7.5, 8.5 ],
    "faces": {
        "south": { "uv": [ 8.001, 8.501, 8.499, 14.749 ], "texture": "#texture" },
        "west":  { "uv": [ 8.251, 8.501, 8.499, 14.749 ], "texture": "#texture" },
        "east":  { "uv": [ 7.501, 8.501, 7.749, 14.749 ], "texture": "#texture" }
    }
},
{
    "__comment": "Moonscepter",
    "from": [ 8, 0, 8.5 ],
    "to": [ 8.25, 0.25, 8.75 ],
    "faces": {
        "down":  { "uv": [ 7.999, 8.749, 7.751, 8.501 ], "texture": "#texture", "cullface": "down" },
        "south": { "uv": [ 8.001, 15.751, 8.249, 15.999 ], "texture": "#texture" },
        "west":  { "uv": [ 8.501, 15.751, 8.749, 15.999 ], "texture": "#texture" },
        "east":  { "uv": [ 7.251, 15.751, 7.499, 15.999 ], "texture": "#texture" }
    }
},
{
    "__comment": "Moonscepter",
    "from": [ 8, 1, 8.5 ],
    "to": [ 8.25, 1.25, 8.75 ],
    "faces": {
        "up":    { "uv": [ 8.001, 8.501, 8.249, 8.749 ], "texture": "#texture" },
        "south": { "uv": [ 8.001, 14.751, 8.249, 14.999 ], "texture": "#texture" },
        "west":  { "uv": [ 8.501, 14.751, 8.749, 14.999 ], "texture": "#texture" },
        "east":  { "uv": [ 7.251, 14.751, 7.499, 14.999 ], "texture": "#texture" }
    }
},
{
    "__comment": "Moonscepter",
    "from": [ 8, 0.25, 8.75 ],
    "to": [ 8.25, 1, 9 ],
    "faces": {
        "down":  { "uv": [ 7.999, 8.999, 7.751, 8.751 ], "texture": "#texture" },
        "up":    { "uv": [ 8.001, 8.751, 8.249, 8.999 ], "texture": "#texture" },
        "south": { "uv": [ 8.001, 15.001, 8.249, 15.749 ], "texture": "#texture" },
        "west":  { "uv": [ 8.751, 15.001, 8.999, 15.749 ], "texture": "#texture" },
        "east":  { "uv": [ 7.001, 15.001, 7.249, 15.749 ], "texture": "#texture" }
    }
},
{
    "__comment": "Moonscepter",
    "from": [ 8, 11, 8.75 ],
    "to": [ 8.25, 11.5, 9 ],
    "faces": {
        "down":  { "uv": [ 0.001, 13.501, 2.499, 15.999 ], "texture": "#texture", "tintindex": 0 },
        "up":    { "uv": [ 0.001, 13.501, 2.499, 15.999 ], "texture": "#texture", "tintindex": 0 },
        "south": { "uv": [ 0.001, 13.501, 2.499, 15.999 ], "texture": "#texture", "tintindex": 0 },
        "west":  { "uv": [ 0.001, 13.501, 2.499, 15.999 ], "texture": "#texture", "tintindex": 0 },
        "east":  { "uv": [ 0.001, 13.501, 2.499, 15.999 ], "texture": "#texture", "tintindex": 0 }
    }
},
{
    "__comment": "Moonscepter",
    "from": [ 8.25, 11, 7 ],
    "to": [ 8.5, 11.25, 7.25 ],
    "faces": {
        "down":  { "uv": [ 0.001, 13.501, 2.499, 15.999 ], "texture": "#texture", "tintindex": 0 },
        "up":    { "uv": [ 0.001, 13.501, 2.499, 15.999 ], "texture": "#texture", "tintindex": 0 },
        "north": { "uv": [ 0.001, 13.501, 2.499, 15.999 ], "texture": "#texture", "tintindex": 0 },
        "east":  { "uv": [ 0.001, 13.501, 2.499, 15.999 ], "texture": "#texture", "tintindex": 0 }
    }
},
{
    "__comment": "Moonscepter",
    "from": [ 8.25, 11, 8.75 ],
    "to": [ 8.5, 11.25, 9 ],
    "faces": {
        "down":  { "uv": [ 0.001, 13.501, 2.499, 15.999 ], "texture": "#texture", "tintindex": 0 },
        "up":    { "uv": [ 0.001, 13.501, 2.499, 15.999 ], "texture": "#texture", "tintindex": 0 },
        "south": { "uv": [ 0.001, 13.501, 2.499, 15.999 ], "texture": "#texture", "tintindex": 0 },
        "east":  { "uv": [ 0.001, 13.501, 2.499, 15.999 ], "texture": "#texture", "tintindex": 0 }
    }
},
{
    "__comment": "Moonscepter",
    "from": [ 8.75, 8.25, 7 ],
    "to": [ 9, 8.75, 7.25 ],
    "faces": {
        "down":  { "uv": [ 7.249, 7.249, 7.001, 7.001 ], "texture": "#texture" },
        "up":    { "uv": [ 8.751, 7.001, 8.999, 7.249 ], "texture": "#texture" },
        "north": { "uv": [ 7.001, 7.251, 7.249, 7.749 ], "texture": "#texture" },
        "east":  { "uv": [ 8.751, 7.251, 8.999, 7.749 ], "texture": "#texture" }
    }
},
{
    "__comment": "Moonscepter",
    "from": [ 8.75, 8.25, 8.75 ],
    "to": [ 9, 8.75, 9 ],
    "faces": {
        "down":  { "uv": [ 7.249, 8.999, 7.001, 8.751 ], "texture": "#texture" },
        "up":    { "uv": [ 8.751, 8.751, 8.999, 8.999 ], "texture": "#texture" },
        "south": { "uv": [ 8.751, 7.251, 8.999, 7.749 ], "texture": "#texture" },
        "east":  { "uv": [ 7.001, 7.251, 7.249, 7.749 ], "texture": "#texture" }
    }
},
{
    "__comment": "Moonscepter",
    "from": [ 9, 9, 7.25 ],
    "to": [ 9.25, 9.25, 8.75 ],
    "faces": {
        "up":    { "uv": [ 9.001, 7.251, 9.249, 8.749 ], "texture": "#texture" },
        "north": { "uv": [ 6.751, 6.751, 6.999, 6.999 ], "texture": "#texture" },
        "south": { "uv": [ 9.001, 6.751, 9.249, 6.999 ], "texture": "#texture" },
        "east":  { "uv": [ 7.251, 6.751, 8.749, 6.999 ], "texture": "#texture" }
    }
},
{
    "__comment": "Moonscepter",
    "from": [ 9.5, 10.25, 7.5 ],
    "to": [ 10.25, 10.5, 7.75 ],
    "faces": {
        "down":  { "uv": [ 7.749, 5.999, 7.251, 5.501 ], "texture": "#texture" },
        "up":    { "uv": [ 7.749, 5.501, 7.251, 5.999 ], "texture": "#texture" },
        "north": { "uv": [ 7.749, 5.501, 7.251, 5.999 ], "texture": "#texture" },
        "west":  { "uv": [ 7.751, 5.501, 8.249, 5.999 ], "texture": "#texture" },
        "east":  { "uv": [ 7.249, 5.501, 6.751, 5.999 ], "texture": "#texture" }
    }
},
{
    "__comment": "Moonscepter",
    "from": [ 9.5, 10.5, 7.75 ],
    "to": [ 10.75, 10.75, 8.25 ],
    "faces": {
        "down":  { "uv": [ 8.249, 5.749, 7.751, 5.251 ], "texture": "#texture" },
        "up":    { "uv": [ 8.249, 5.251, 7.751, 5.749 ], "texture": "#texture" },
        "north": { "uv": [ 8.249, 5.251, 7.751, 5.749 ], "texture": "#texture" },
        "south": { "uv": [ 8.249, 5.749, 7.751, 5.251 ], "texture": "#texture" },
        "west":  { "uv": [ 8.251, 5.251, 8.749, 5.749 ], "texture": "#texture" },
        "east":  { "uv": [ 7.749, 5.251, 7.251, 5.749 ], "texture": "#texture" }
    }
},
{
    "__comment": "Moonscepter",
    "from": [ 9.5, 10.25, 8.25 ],
    "to": [ 10.25, 10.5, 8.5 ],
    "faces": {
        "down":  { "uv": [ 8.499, 5.999, 8.001, 5.501 ], "texture": "#texture" },
        "up":    { "uv": [ 8.499, 5.501, 8.001, 5.999 ], "texture": "#texture" },
        "south": { "uv": [ 8.499, 5.999, 8.001, 5.501 ], "texture": "#texture" },
        "west":  { "uv": [ 8.501, 5.501, 8.999, 5.999 ], "texture": "#texture" },
        "east":  { "uv": [ 7.999, 5.501, 7.501, 5.999 ], "texture": "#texture" }
    }
},
{
    "__comment": "Moonscepter",
    "from": [ 10, 10.5, 7.5 ],
    "to": [ 10.5, 10.75, 7.75 ],
    "faces": {
        "down":  { "uv": [ 7.749, 5.749, 7.251, 5.251 ], "texture": "#texture" },
        "up":    { "uv": [ 7.749, 5.251, 7.251, 5.749 ], "texture": "#texture" },
        "north": { "uv": [ 7.749, 5.251, 7.251, 5.749 ], "texture": "#texture" },
        "west":  { "uv": [ 7.751, 5.251, 8.249, 5.749 ], "texture": "#texture" },
        "east":  { "uv": [ 7.249, 5.251, 6.751, 5.749 ], "texture": "#texture" }
    }
},
{
    "__comment": "Moonscepter",
    "from": [ 10, 10.75, 7.75 ],
    "to": [ 11, 11, 8.25 ],
    "faces": {
        "down":  { "uv": [ 8.249, 5.499, 7.751, 5.001 ], "texture": "#texture" },
        "up":    { "uv": [ 8.249, 5.001, 7.751, 5.499 ], "texture": "#texture" },
        "north": { "uv": [ 8.249, 5.001, 7.751, 5.499 ], "texture": "#texture" },
        "south": { "uv": [ 8.249, 5.499, 7.751, 5.001 ], "texture": "#texture" },
        "west":  { "uv": [ 8.251, 5.001, 8.749, 5.499 ], "texture": "#texture" },
        "east":  { "uv": [ 7.749, 5.001, 7.251, 5.499 ], "texture": "#texture" }
    }
},
{
    "__comment": "Moonscepter",
    "from": [ 10, 10.5, 8.25 ],
    "to": [ 10.5, 10.75, 8.5 ],
    "faces": {
        "down":  { "uv": [ 8.499, 5.749, 8.001, 5.251 ], "texture": "#texture" },
        "up":    { "uv": [ 8.499, 5.251, 8.001, 5.749 ], "texture": "#texture" },
        "south": { "uv": [ 8.499, 5.749, 8.001, 5.251 ], "texture": "#texture" },
        "west":  { "uv": [ 8.501, 5.251, 8.999, 5.749 ], "texture": "#texture" },
        "east":  { "uv": [ 7.999, 5.251, 7.501, 5.749 ], "texture": "#texture" }
    }
},
{
    "__comment": "Moonscepter",
    "from": [ 10.25, 10.75, 7.5 ],
    "to": [ 10.75, 11, 7.75 ],
    "faces": {
        "down":  { "uv": [ 7.749, 5.499, 7.251, 5.001 ], "texture": "#texture" },
        "up":    { "uv": [ 7.749, 5.001, 7.251, 5.499 ], "texture": "#texture" },
        "north": { "uv": [ 7.749, 5.001, 7.251, 5.499 ], "texture": "#texture" },
        "west":  { "uv": [ 7.751, 5.001, 8.249, 5.499 ], "texture": "#texture" },
        "east":  { "uv": [ 7.249, 5.001, 6.751, 5.499 ], "texture": "#texture" }
    }
},
{
    "__comment": "Moonscepter",
    "from": [ 10.25, 10.75, 8.25 ],
    "to": [ 10.75, 11, 8.5 ],
    "faces": {
        "down":  { "uv": [ 8.499, 5.499, 8.001, 5.001 ], "texture": "#texture" },
        "up":    { "uv": [ 8.499, 5.001, 8.001, 5.499 ], "texture": "#texture" },
        "south": { "uv": [ 8.499, 5.499, 8.001, 5.001 ], "texture": "#texture" },
        "west":  { "uv": [ 8.501, 5.001, 8.999, 5.499 ], "texture": "#texture" },
        "east":  { "uv": [ 7.999, 5.001, 7.501, 5.499 ], "texture": "#texture" }
    }
},
{
    "__comment": "Moonscepter",
    "from": [ 10.5, 11, 7.75 ],
    "to": [ 11, 11.25, 8.25 ],
    "faces": {
        "up":    { "uv": [ 8.249, 4.751, 7.751, 5.249 ], "texture": "#texture" },
        "north": { "uv": [ 8.249, 4.751, 7.751, 5.249 ], "texture": "#texture" },
        "south": { "uv": [ 8.249, 5.249, 7.751, 4.751 ], "texture": "#texture" },
        "west":  { "uv": [ 8.251, 4.751, 8.749, 5.249 ], "texture": "#texture" },
        "east":  { "uv": [ 7.749, 4.751, 7.251, 5.249 ], "texture": "#texture" }
    }
},
{
    "__comment": "Moonscepter",
    "from": [ 10.75, 11.25, 7.75 ],
    "to": [ 11, 11.75, 8.25 ],
    "faces": {
        "up":    { "uv": [ 8.249, 4.251, 7.751, 4.749 ], "texture": "#texture" },
        "north": { "uv": [ 8.249, 4.251, 7.751, 4.749 ], "texture": "#texture" },
        "south": { "uv": [ 8.249, 4.749, 7.751, 4.251 ], "texture": "#texture" },
        "west":  { "uv": [ 8.251, 4.251, 8.749, 4.749 ], "texture": "#texture" },
        "east":  { "uv": [ 7.749, 4.251, 7.251, 4.749 ], "texture": "#texture" }
    }
},
{
    "__comment": "Moonscepter",
    "from": [ 11, 11.5, 7.75 ],
    "to": [ 11.25, 12, 8.25 ],
    "faces": {
        "down":  { "uv": [ 8.249, 4.499, 7.751, 4.001 ], "texture": "#texture" },
        "up":    { "uv": [ 8.249, 4.001, 7.751, 4.499 ], "texture": "#texture" },
        "north": { "uv": [ 8.249, 4.001, 7.751, 4.499 ], "texture": "#texture" },
        "south": { "uv": [ 8.249, 4.499, 7.751, 4.001 ], "texture": "#texture" },
        "west":  { "uv": [ 8.251, 4.001, 8.749, 4.499 ], "texture": "#texture" },
        "east":  { "uv": [ 7.749, 4.001, 7.251, 4.499 ], "texture": "#texture" }
    }
},
{
    "from": [ 4.25, 7.25, 8 ],
    "to": [ 12.25, 15.25, 8.0625 ],
    "faces": {
        "north": { "uv": [ 0.001, 0.001, 15.999, 15.999 ], "texture": "#animated1" },
        "south": { "uv": [ 15.999, 0.001, 0.001, 15.999 ], "texture": "#animated1" }
    }
}
],
"display": {
    "firstperson_lefthand": {
        "rotation": [ 0, 100, -10 ],
        "translation": [ 0, 4, 2 ],
        "scale": [ 1, 1, 1 ]
    },
    "firstperson_righthand": {
        "rotation": [ 0, -100, 10 ],
        "translation": [ 0, 4, 2 ],
        "scale": [ 1, 1, 1 ]
    },
    "thirdperson_lefthand": {
        "rotation": [ 0, 90, 0 ],
        "translation": [ 0, 0.5, -0.4 ],
        "scale": [ 1, 1, 1 ]
    },
    "thirdperson_righthand": {
        "rotation": [ 0, -90, 0 ],
        "translation": [ 0, 0.5, -0.4 ],
        "scale": [ 1, 1, 1 ]
    },
    "thirdperson": {
        "rotation": [ 0, -90, 90 ],
        "translation": [ 0, 0.9, -2.5 ],
        "scale": [ 1, 1, 1 ]
    },
    "ground": {
        "rotation": [ 0, 0, 80 ],
        "translation": [ 0, 0, 0 ],
        "scale": [ 1, 1, 1 ]
    },
    "fixed": {
        "rotation": [ 0, 0, 0 ],
        "translation": [ 0, 0, -0.4 ],
        "scale": [ 2, 2, 2 ]
    },
    "firstperson": {
        "rotation": [ 0, 64, 3 ],
        "translation": [ 0, 4, 2 ],
        "scale": [ 2.5, 2.5, 2.5 ]
    },
    "gui": {
        "rotation": [ -14, 135, -44 ],
        "translation": [ 0, 0, 0 ],
        "scale": [ 1.8, 1.8, 1.8 ]
    }
}
}