{
"__comment": "Created by Droobledore with BDcraft Cubik PRO 0.93 Beta",
"ambientocclusion": false,
"textures": {
    "texture": "items/wand_wand1",
    "wand_wand1": "items/wand_wand1"
},
"elements": [ 
{
    "__comment": "Nathan1",
    "from": [ 7.375, 0.375, 7.875 ],
    "to": [ 8.625, 0.5, 8 ],
    "faces": {
        "down":  { "uv": [ 8.624, 7.999, 7.376, 7.876 ], "texture": "#texture" },
        "up":    { "uv": [ 7.376, 7.876, 8.624, 7.999 ], "texture": "#texture" },
        "north": { "uv": [ 7.376, 15.501, 8.624, 15.624 ], "texture": "#texture" },
        "south": { "uv": [ 7.376, 15.501, 8.624, 15.624 ], "texture": "#texture" },
        "west":  { "uv": [ 7.876, 15.501, 7.999, 15.624 ], "texture": "#texture" },
        "east":  { "uv": [ 8.001, 15.501, 8.124, 15.624 ], "texture": "#texture" }
    }
},
{
    "__comment": "Nathan1",
    "from": [ 7.5, 0.375, 7.75 ],
    "to": [ 8.5, 0.5, 7.875 ],
    "faces": {
        "down":  { "uv": [ 8.499, 7.874, 7.501, 7.751 ], "texture": "#texture" },
        "up":    { "uv": [ 7.501, 7.751, 8.499, 7.874 ], "texture": "#texture" },
        "north": { "uv": [ 7.501, 15.501, 8.499, 15.624 ], "texture": "#texture" },
        "west":  { "uv": [ 7.751, 15.501, 7.874, 15.624 ], "texture": "#texture" },
        "east":  { "uv": [ 8.126, 15.501, 8.249, 15.624 ], "texture": "#texture" }
    }
},
{
    "__comment": "Nathan1",
    "from": [ 7.5, 14.375, 7.75 ],
    "to": [ 8.5, 14.625, 8.25 ],
    "faces": {
        "down":  { "uv": [ 0.499, 0.499, 0.001, 0.001 ], "texture": "#texture" },
        "up":    { "uv": [ 0.499, 0.001, 0.001, 0.499 ], "texture": "#texture" },
        "north": { "uv": [ 0.499, 0.001, 0.001, 0.499 ], "texture": "#texture" },
        "south": { "uv": [ 0.499, 0.499, 0.001, 0.001 ], "texture": "#texture" },
        "west":  { "uv": [ 0.001, 0.001, 0.499, 0.499 ], "texture": "#texture" },
        "east":  { "uv": [ 0.499, 0.001, 0.001, 0.499 ], "texture": "#texture" }
    }
},
{
    "__comment": "Nathan1",
    "from": [ 7.5, 0.25, 7.875 ],
    "to": [ 8.5, 0.375, 8 ],
    "faces": {
        "down":  { "uv": [ 8.499, 7.999, 7.501, 7.876 ], "texture": "#texture" },
        "north": { "uv": [ 7.501, 15.626, 8.499, 15.749 ], "texture": "#texture" },
        "south": { "uv": [ 7.501, 15.626, 8.499, 15.749 ], "texture": "#texture" },
        "west":  { "uv": [ 7.876, 15.626, 7.999, 15.749 ], "texture": "#texture" },
        "east":  { "uv": [ 8.001, 15.626, 8.124, 15.749 ], "texture": "#texture" }
    }
},
{
    "__comment": "Nathan1",
    "from": [ 7.5, 0.5, 7.875 ],
    "to": [ 8.5, 0.625, 8 ],
    "faces": {
        "up":    { "uv": [ 7.501, 7.876, 8.499, 7.999 ], "texture": "#texture" },
        "north": { "uv": [ 7.501, 15.376, 8.499, 15.499 ], "texture": "#texture" },
        "south": { "uv": [ 7.501, 15.376, 8.499, 15.499 ], "texture": "#texture" },
        "west":  { "uv": [ 7.876, 15.376, 7.999, 15.499 ], "texture": "#texture" },
        "east":  { "uv": [ 8.001, 15.376, 8.124, 15.499 ], "texture": "#texture" }
    }
},
{
    "__comment": "Nathan1",
    "from": [ 7.5, 14.25, 7.875 ],
    "to": [ 8.5, 14.375, 8.125 ],
    "faces": {
        "down":  { "uv": [ 0.499, 0.499, 0.001, 0.001 ], "texture": "#texture" },
        "north": { "uv": [ 0.499, 0.001, 0.001, 0.499 ], "texture": "#texture" },
        "south": { "uv": [ 0.499, 0.499, 0.001, 0.001 ], "texture": "#texture" },
        "west":  { "uv": [ 0.001, 0.001, 0.499, 0.499 ], "texture": "#texture" },
        "east":  { "uv": [ 0.499, 0.001, 0.001, 0.499 ], "texture": "#texture" }
    }
},
{
    "__comment": "Nathan1",
    "from": [ 7.5, 14.625, 7.875 ],
    "to": [ 8.5, 14.75, 8.125 ],
    "faces": {
        "up":    { "uv": [ 0.499, 0.001, 0.001, 0.499 ], "texture": "#texture" },
        "north": { "uv": [ 0.499, 0.001, 0.001, 0.499 ], "texture": "#texture" },
        "south": { "uv": [ 0.499, 0.499, 0.001, 0.001 ], "texture": "#texture" },
        "west":  { "uv": [ 0.001, 0.001, 0.499, 0.499 ], "texture": "#texture" },
        "east":  { "uv": [ 0.499, 0.001, 0.001, 0.499 ], "texture": "#texture" }
    }
},
{
    "__comment": "Nathan1",
    "from": [ 7.5, 0.375, 8 ],
    "to": [ 8.5, 0.5, 8.125 ],
    "faces": {
        "down":  { "uv": [ 8.499, 8.124, 7.501, 8.001 ], "texture": "#texture" },
        "up":    { "uv": [ 7.501, 8.001, 8.499, 8.124 ], "texture": "#texture" },
        "south": { "uv": [ 7.501, 15.501, 8.499, 15.624 ], "texture": "#texture" },
        "west":  { "uv": [ 8.001, 15.501, 8.124, 15.624 ], "texture": "#texture" },
        "east":  { "uv": [ 7.876, 15.501, 7.999, 15.624 ], "texture": "#texture" }
    }
},
{
    "__comment": "Nathan1",
    "from": [ 7.5, 5.625, 8 ],
    "to": [ 8.5, 5.75, 8.125 ],
    "faces": {
        "down":  { "uv": [ 8.499, 8.124, 7.501, 8.001 ], "texture": "#texture" },
        "up":    { "uv": [ 7.501, 8.001, 8.499, 8.124 ], "texture": "#texture" },
        "north": { "uv": [ 7.501, 10.251, 8.499, 10.374 ], "texture": "#texture" },
        "south": { "uv": [ 7.501, 10.251, 8.499, 10.374 ], "texture": "#texture" },
        "west":  { "uv": [ 8.001, 10.251, 8.124, 10.374 ], "texture": "#texture" },
        "east":  { "uv": [ 7.876, 10.251, 7.999, 10.374 ], "texture": "#texture" }
    }
},
{
    "__comment": "Nathan1",
    "from": [ 7.625, 14.375, 7.375 ],
    "to": [ 8.375, 14.625, 7.75 ],
    "faces": {
        "down":  { "uv": [ 7.749, 1.874, 7.251, 1.376 ], "texture": "#texture" },
        "up":    { "uv": [ 7.749, 1.376, 7.251, 1.874 ], "texture": "#texture" },
        "north": { "uv": [ 7.749, 1.376, 7.251, 1.874 ], "texture": "#texture" },
        "west":  { "uv": [ 7.751, 1.376, 8.249, 1.874 ], "texture": "#texture" },
        "east":  { "uv": [ 7.249, 1.376, 6.751, 1.874 ], "texture": "#texture" }
    }
},
{
    "__comment": "Nathan1",
    "from": [ 7.625, 0.375, 7.625 ],
    "to": [ 8.375, 0.5, 7.75 ],
    "faces": {
        "down":  { "uv": [ 8.374, 7.749, 7.626, 7.626 ], "texture": "#texture" },
        "up":    { "uv": [ 7.626, 7.626, 8.374, 7.749 ], "texture": "#texture" },
        "north": { "uv": [ 7.626, 15.501, 8.374, 15.624 ], "texture": "#texture" },
        "west":  { "uv": [ 7.626, 15.501, 7.749, 15.624 ], "texture": "#texture" },
        "east":  { "uv": [ 8.251, 15.501, 8.374, 15.624 ], "texture": "#texture" }
    }
},
{
    "__comment": "Nathan1",
    "from": [ 7.625, 14.25, 7.625 ],
    "to": [ 8.375, 14.375, 7.875 ],
    "faces": {
        "down":  { "uv": [ 7.874, 2.124, 7.376, 1.626 ], "texture": "#texture" },
        "up":    { "uv": [ 7.874, 1.626, 7.376, 2.124 ], "texture": "#texture" },
        "north": { "uv": [ 7.874, 1.626, 7.376, 2.124 ], "texture": "#texture" },
        "west":  { "uv": [ 7.876, 1.626, 8.374, 2.124 ], "texture": "#texture" },
        "east":  { "uv": [ 7.374, 1.626, 6.876, 2.124 ], "texture": "#texture" }
    }
},
{
    "__comment": "Nathan1",
    "from": [ 7.625, 14.625, 7.625 ],
    "to": [ 8.375, 14.75, 7.875 ],
    "faces": {
        "down":  { "uv": [ 7.874, 1.749, 7.376, 1.251 ], "texture": "#texture" },
        "up":    { "uv": [ 7.874, 1.251, 7.376, 1.749 ], "texture": "#texture" },
        "north": { "uv": [ 7.874, 1.251, 7.376, 1.749 ], "texture": "#texture" },
        "west":  { "uv": [ 7.876, 1.251, 8.374, 1.749 ], "texture": "#texture" },
        "east":  { "uv": [ 7.374, 1.251, 6.876, 1.749 ], "texture": "#texture" }
    }
},
{
    "__comment": "Nathan1",
    "from": [ 7.625, 0.25, 7.75 ],
    "to": [ 8.375, 0.375, 7.875 ],
    "faces": {
        "down":  { "uv": [ 8.374, 7.874, 7.626, 7.751 ], "texture": "#texture" },
        "north": { "uv": [ 7.626, 15.626, 8.374, 15.749 ], "texture": "#texture" },
        "west":  { "uv": [ 7.751, 15.626, 7.874, 15.749 ], "texture": "#texture" },
        "east":  { "uv": [ 8.126, 15.626, 8.249, 15.749 ], "texture": "#texture" }
    }
},
{
    "__comment": "Nathan1",
    "from": [ 7.625, 0.5, 7.75 ],
    "to": [ 8.375, 0.625, 7.875 ],
    "faces": {
        "up":    { "uv": [ 7.626, 7.751, 8.374, 7.874 ], "texture": "#texture" },
        "north": { "uv": [ 7.626, 15.376, 8.374, 15.499 ], "texture": "#texture" },
        "west":  { "uv": [ 7.751, 15.376, 7.874, 15.499 ], "texture": "#texture" },
        "east":  { "uv": [ 8.126, 15.376, 8.249, 15.499 ], "texture": "#texture" }
    }
},
{
    "__comment": "Nathan1",
    "from": [ 7.625, 14.125, 7.75 ],
    "to": [ 8.375, 14.25, 8.25 ],
    "faces": {
        "down":  { "uv": [ 8.249, 2.249, 7.751, 1.751 ], "texture": "#texture" },
        "up":    { "uv": [ 8.249, 1.751, 7.751, 2.249 ], "texture": "#texture" },
        "north": { "uv": [ 8.249, 1.751, 7.751, 2.249 ], "texture": "#texture" },
        "south": { "uv": [ 8.249, 2.249, 7.751, 1.751 ], "texture": "#texture" },
        "west":  { "uv": [ 8.251, 1.751, 8.749, 2.249 ], "texture": "#texture" },
        "east":  { "uv": [ 7.749, 1.751, 7.251, 2.249 ], "texture": "#texture" }
    }
},
{
    "__comment": "Nathan1",
    "from": [ 7.625, 14.75, 7.75 ],
    "to": [ 8.375, 14.875, 8.25 ],
    "faces": {
        "down":  { "uv": [ 8.249, 1.624, 7.751, 1.126 ], "texture": "#texture" },
        "up":    { "uv": [ 8.249, 1.126, 7.751, 1.624 ], "texture": "#texture" },
        "north": { "uv": [ 8.249, 1.126, 7.751, 1.624 ], "texture": "#texture" },
        "south": { "uv": [ 8.249, 1.624, 7.751, 1.126 ], "texture": "#texture" },
        "west":  { "uv": [ 8.251, 1.126, 8.749, 1.624 ], "texture": "#texture" },
        "east":  { "uv": [ 7.749, 1.126, 7.251, 1.624 ], "texture": "#texture" }
    }
},
{
    "__comment": "Nathan1",
    "from": [ 7.625, 0.625, 7.875 ],
    "to": [ 8.375, 1.75, 8.125 ],
    "faces": {
        "down":  { "uv": [ 8.374, 8.124, 7.626, 7.876 ], "texture": "#texture" },
        "up":    { "uv": [ 7.626, 7.876, 8.374, 8.124 ], "texture": "#texture" },
        "north": { "uv": [ 7.626, 14.251, 8.374, 15.374 ], "texture": "#texture" },
        "south": { "uv": [ 7.626, 14.251, 8.374, 15.374 ], "texture": "#texture" },
        "west":  { "uv": [ 7.876, 14.251, 8.124, 15.374 ], "texture": "#texture" },
        "east":  { "uv": [ 7.876, 14.251, 8.124, 15.374 ], "texture": "#texture" }
    }
},
{
    "__comment": "Nathan1",
    "from": [ 7.625, 1.75, 7.875 ],
    "to": [ 8.375, 3.875, 8 ],
    "faces": {
        "up":    { "uv": [ 7.626, 7.876, 8.374, 7.999 ], "texture": "#texture" },
        "north": { "uv": [ 7.626, 12.126, 8.374, 14.249 ], "texture": "#texture" },
        "south": { "uv": [ 7.626, 12.126, 8.374, 14.249 ], "texture": "#texture" },
        "west":  { "uv": [ 7.876, 12.126, 7.999, 14.249 ], "texture": "#texture" },
        "east":  { "uv": [ 8.001, 12.126, 8.124, 14.249 ], "texture": "#texture" }
    }
},
{
    "__comment": "Nathan1",
    "from": [ 7.625, 5.625, 7.875 ],
    "to": [ 8.375, 5.75, 8 ],
    "faces": {
        "down":  { "uv": [ 8.374, 7.999, 7.626, 7.876 ], "texture": "#texture" },
        "up":    { "uv": [ 7.626, 7.876, 8.374, 7.999 ], "texture": "#texture" },
        "north": { "uv": [ 7.626, 10.251, 8.374, 10.374 ], "texture": "#texture" },
        "west":  { "uv": [ 7.876, 10.251, 7.999, 10.374 ], "texture": "#texture" },
        "east":  { "uv": [ 8.001, 10.251, 8.124, 10.374 ], "texture": "#texture" }
    }
},
{
    "__comment": "Nathan1",
    "from": [ 7.625, 13.875, 7.875 ],
    "to": [ 8.375, 14.125, 8.125 ],
    "faces": {
        "down":  { "uv": [ 8.124, 2.374, 7.626, 1.876 ], "texture": "#texture" },
        "north": { "uv": [ 8.124, 1.876, 7.626, 2.374 ], "texture": "#texture" },
        "south": { "uv": [ 8.124, 2.374, 7.626, 1.876 ], "texture": "#texture" },
        "west":  { "uv": [ 8.126, 1.876, 8.624, 2.374 ], "texture": "#texture" },
        "east":  { "uv": [ 7.624, 1.876, 7.126, 2.374 ], "texture": "#texture" }
    }
},
{
    "__comment": "Nathan1",
    "from": [ 7.625, 14.875, 7.875 ],
    "to": [ 8.375, 15.125, 8.125 ],
    "faces": {
        "up":    { "uv": [ 8.124, 0.876, 7.626, 1.374 ], "texture": "#texture" },
        "north": { "uv": [ 8.124, 0.876, 7.626, 1.374 ], "texture": "#texture" },
        "south": { "uv": [ 8.124, 1.374, 7.626, 0.876 ], "texture": "#texture" },
        "west":  { "uv": [ 8.126, 0.876, 8.624, 1.374 ], "texture": "#texture" },
        "east":  { "uv": [ 7.624, 0.876, 7.126, 1.374 ], "texture": "#texture" }
    }
},
{
    "__comment": "Nathan1",
    "from": [ 7.625, 0.25, 8 ],
    "to": [ 8.375, 0.375, 8.125 ],
    "faces": {
        "down":  { "uv": [ 8.374, 8.124, 7.626, 8.001 ], "texture": "#texture" },
        "south": { "uv": [ 7.626, 15.626, 8.374, 15.749 ], "texture": "#texture" },
        "west":  { "uv": [ 8.001, 15.626, 8.124, 15.749 ], "texture": "#texture" },
        "east":  { "uv": [ 7.876, 15.626, 7.999, 15.749 ], "texture": "#texture" }
    }
},
{
    "__comment": "Nathan1",
    "from": [ 7.625, 0.5, 8 ],
    "to": [ 8.375, 0.625, 8.125 ],
    "faces": {
        "south": { "uv": [ 7.626, 15.376, 8.374, 15.499 ], "texture": "#texture" },
        "west":  { "uv": [ 8.001, 15.376, 8.124, 15.499 ], "texture": "#texture" },
        "east":  { "uv": [ 7.876, 15.376, 7.999, 15.499 ], "texture": "#texture" }
    }
},
{
    "__comment": "Nathan1",
    "from": [ 7.625, 5.5, 8 ],
    "to": [ 8.375, 5.625, 8.125 ],
    "faces": {
        "down":  { "uv": [ 8.374, 8.124, 7.626, 8.001 ], "texture": "#texture" },
        "north": { "uv": [ 7.626, 10.376, 8.374, 10.499 ], "texture": "#texture" },
        "south": { "uv": [ 7.626, 10.376, 8.374, 10.499 ], "texture": "#texture" },
        "west":  { "uv": [ 8.001, 10.376, 8.124, 10.499 ], "texture": "#texture" },
        "east":  { "uv": [ 7.876, 10.376, 7.999, 10.499 ], "texture": "#texture" }
    }
},
{
    "__comment": "Nathan1",
    "from": [ 7.625, 5.75, 8 ],
    "to": [ 8.375, 5.875, 8.125 ],
    "faces": {
        "up":    { "uv": [ 7.626, 8.001, 8.374, 8.124 ], "texture": "#texture" },
        "north": { "uv": [ 7.626, 10.126, 8.374, 10.249 ], "texture": "#texture" },
        "south": { "uv": [ 7.626, 10.126, 8.374, 10.249 ], "texture": "#texture" },
        "west":  { "uv": [ 8.001, 10.126, 8.124, 10.249 ], "texture": "#texture" },
        "east":  { "uv": [ 7.876, 10.126, 7.999, 10.249 ], "texture": "#texture" }
    }
},
{
    "__comment": "Nathan1",
    "from": [ 7.625, 0.375, 8.125 ],
    "to": [ 8.375, 0.5, 8.25 ],
    "faces": {
        "down":  { "uv": [ 8.374, 8.249, 7.626, 8.126 ], "texture": "#texture" },
        "up":    { "uv": [ 7.626, 8.126, 8.374, 8.249 ], "texture": "#texture" },
        "south": { "uv": [ 7.626, 15.501, 8.374, 15.624 ], "texture": "#texture" },
        "west":  { "uv": [ 8.126, 15.501, 8.249, 15.624 ], "texture": "#texture" },
        "east":  { "uv": [ 7.751, 15.501, 7.874, 15.624 ], "texture": "#texture" }
    }
},
{
    "__comment": "Nathan1",
    "from": [ 7.625, 5.625, 8.125 ],
    "to": [ 8.375, 5.75, 8.25 ],
    "faces": {
        "down":  { "uv": [ 8.374, 8.249, 7.626, 8.126 ], "texture": "#texture" },
        "up":    { "uv": [ 7.626, 8.126, 8.374, 8.249 ], "texture": "#texture" },
        "south": { "uv": [ 7.626, 10.251, 8.374, 10.374 ], "texture": "#texture" },
        "west":  { "uv": [ 8.126, 10.251, 8.249, 10.374 ], "texture": "#texture" },
        "east":  { "uv": [ 7.751, 10.251, 7.874, 10.374 ], "texture": "#texture" }
    }
},
{
    "__comment": "Nathan1",
    "from": [ 7.625, 14.25, 8.125 ],
    "to": [ 8.375, 14.375, 8.375 ],
    "faces": {
        "down":  { "uv": [ 8.374, 2.124, 7.876, 1.626 ], "texture": "#texture" },
        "up":    { "uv": [ 8.374, 1.626, 7.876, 2.124 ], "texture": "#texture" },
        "south": { "uv": [ 8.374, 2.124, 7.876, 1.626 ], "texture": "#texture" },
        "west":  { "uv": [ 8.376, 1.626, 8.874, 2.124 ], "texture": "#texture" },
        "east":  { "uv": [ 7.874, 1.626, 7.376, 2.124 ], "texture": "#texture" }
    }
},
{
    "__comment": "Nathan1",
    "from": [ 7.625, 14.625, 8.125 ],
    "to": [ 8.375, 14.75, 8.375 ],
    "faces": {
        "down":  { "uv": [ 8.374, 1.749, 7.876, 1.251 ], "texture": "#texture" },
        "up":    { "uv": [ 8.374, 1.251, 7.876, 1.749 ], "texture": "#texture" },
        "south": { "uv": [ 8.374, 1.749, 7.876, 1.251 ], "texture": "#texture" },
        "west":  { "uv": [ 8.376, 1.251, 8.874, 1.749 ], "texture": "#texture" },
        "east":  { "uv": [ 7.874, 1.251, 7.376, 1.749 ], "texture": "#texture" }
    }
},
{
    "__comment": "Nathan1",
    "from": [ 7.625, 14.375, 8.25 ],
    "to": [ 8.375, 14.625, 8.625 ],
    "faces": {
        "down":  { "uv": [ 8.624, 1.874, 8.126, 1.376 ], "texture": "#texture" },
        "up":    { "uv": [ 8.624, 1.376, 8.126, 1.874 ], "texture": "#texture" },
        "south": { "uv": [ 8.624, 1.874, 8.126, 1.376 ], "texture": "#texture" },
        "west":  { "uv": [ 8.626, 1.376, 9.124, 1.874 ], "texture": "#texture" },
        "east":  { "uv": [ 8.124, 1.376, 7.626, 1.874 ], "texture": "#texture" }
    }
},
{
    "__comment": "Nathan1",
    "from": [ 7.75, 14.375, 7.125 ],
    "to": [ 8.25, 14.625, 7.375 ],
    "faces": {
        "down":  { "uv": [ 7.374, 1.874, 6.876, 1.376 ], "texture": "#texture" },
        "up":    { "uv": [ 7.374, 1.376, 6.876, 1.874 ], "texture": "#texture" },
        "north": { "uv": [ 7.374, 1.376, 6.876, 1.874 ], "texture": "#texture" },
        "west":  { "uv": [ 7.376, 1.376, 7.874, 1.874 ], "texture": "#texture" },
        "east":  { "uv": [ 6.874, 1.376, 6.376, 1.874 ], "texture": "#texture" }
    }
},
{
    "__comment": "Nathan1",
    "from": [ 7.75, 14.25, 7.375 ],
    "to": [ 8.25, 14.375, 7.625 ],
    "faces": {
        "down":  { "uv": [ 7.624, 2.124, 7.126, 1.626 ], "texture": "#texture" },
        "north": { "uv": [ 7.624, 1.626, 7.126, 2.124 ], "texture": "#texture" },
        "west":  { "uv": [ 7.626, 1.626, 8.124, 2.124 ], "texture": "#texture" },
        "east":  { "uv": [ 7.124, 1.626, 6.626, 2.124 ], "texture": "#texture" }
    }
},
{
    "__comment": "Nathan1",
    "from": [ 7.75, 14.625, 7.375 ],
    "to": [ 8.25, 14.75, 7.625 ],
    "faces": {
        "up":    { "uv": [ 7.624, 1.251, 7.126, 1.749 ], "texture": "#texture" },
        "north": { "uv": [ 7.624, 1.251, 7.126, 1.749 ], "texture": "#texture" },
        "west":  { "uv": [ 7.626, 1.251, 8.124, 1.749 ], "texture": "#texture" },
        "east":  { "uv": [ 7.124, 1.251, 6.626, 1.749 ], "texture": "#texture" }
    }
},
{
    "__comment": "Nathan1",
    "from": [ 7.75, 0.375, 7.5 ],
    "to": [ 8.25, 0.5, 7.625 ],
    "faces": {
        "down":  { "uv": [ 8.249, 7.624, 7.751, 7.501 ], "texture": "#texture" },
        "up":    { "uv": [ 7.751, 7.501, 8.249, 7.624 ], "texture": "#texture" },
        "north": { "uv": [ 7.751, 15.501, 8.249, 15.624 ], "texture": "#texture" },
        "west":  { "uv": [ 7.501, 15.501, 7.624, 15.624 ], "texture": "#texture" },
        "east":  { "uv": [ 8.376, 15.501, 8.499, 15.624 ], "texture": "#texture" }
    }
},
{
    "__comment": "Nathan1",
    "from": [ 7.75, 14.75, 7.5 ],
    "to": [ 8.25, 14.875, 7.75 ],
    "faces": {
        "down":  { "uv": [ 7.749, 1.624, 7.251, 1.126 ], "texture": "#texture" },
        "up":    { "uv": [ 7.749, 1.126, 7.251, 1.624 ], "texture": "#texture" },
        "north": { "uv": [ 7.749, 1.126, 7.251, 1.624 ], "texture": "#texture" },
        "west":  { "uv": [ 7.751, 1.126, 8.249, 1.624 ], "texture": "#texture" },
        "east":  { "uv": [ 7.249, 1.126, 6.751, 1.624 ], "texture": "#texture" }
    }
},
{
    "__comment": "Nathan1",
    "from": [ 7.75, 0.25, 7.625 ],
    "to": [ 8.25, 0.375, 7.75 ],
    "faces": {
        "down":  { "uv": [ 8.249, 7.749, 7.751, 7.626 ], "texture": "#texture" },
        "north": { "uv": [ 7.751, 15.626, 8.249, 15.749 ], "texture": "#texture" },
        "west":  { "uv": [ 7.626, 15.626, 7.749, 15.749 ], "texture": "#texture" },
        "east":  { "uv": [ 8.251, 15.626, 8.374, 15.749 ], "texture": "#texture" }
    }
},
{
    "__comment": "Nathan1",
    "from": [ 7.75, 0.5, 7.625 ],
    "to": [ 8.25, 0.625, 7.75 ],
    "faces": {
        "up":    { "uv": [ 7.751, 7.626, 8.249, 7.749 ], "texture": "#texture" },
        "north": { "uv": [ 7.751, 15.376, 8.249, 15.499 ], "texture": "#texture" },
        "west":  { "uv": [ 7.626, 15.376, 7.749, 15.499 ], "texture": "#texture" },
        "east":  { "uv": [ 8.251, 15.376, 8.374, 15.499 ], "texture": "#texture" }
    }
},
{
    "__comment": "Nathan1",
    "from": [ 7.75, 14.125, 7.625 ],
    "to": [ 8.25, 14.25, 7.75 ],
    "faces": {
        "down":  { "uv": [ 7.749, 2.249, 7.251, 1.751 ], "texture": "#texture" },
        "north": { "uv": [ 7.749, 1.751, 7.251, 2.249 ], "texture": "#texture" },
        "west":  { "uv": [ 7.751, 1.751, 8.249, 2.249 ], "texture": "#texture" },
        "east":  { "uv": [ 7.249, 1.751, 6.751, 2.249 ], "texture": "#texture" }
    }
},
{
    "__comment": "Nathan1",
    "from": [ 7.75, 14.875, 7.625 ],
    "to": [ 8.25, 15, 7.875 ],
    "faces": {
        "down":  { "uv": [ 7.874, 1.499, 7.376, 1.001 ], "texture": "#texture" },
        "up":    { "uv": [ 7.874, 1.001, 7.376, 1.499 ], "texture": "#texture" },
        "north": { "uv": [ 7.874, 1.001, 7.376, 1.499 ], "texture": "#texture" },
        "west":  { "uv": [ 7.876, 1.001, 8.374, 1.499 ], "texture": "#texture" },
        "east":  { "uv": [ 7.374, 1.001, 6.876, 1.499 ], "texture": "#texture" }
    }
},
{
    "__comment": "Nathan1",
    "from": [ 7.75, 0.625, 7.75 ],
    "to": [ 8.25, 3.875, 7.875 ],
    "faces": {
        "up":    { "uv": [ 7.751, 7.751, 8.249, 7.874 ], "texture": "#texture" },
        "north": { "uv": [ 7.751, 12.126, 8.249, 15.374 ], "texture": "#texture" },
        "south": { "uv": [ 7.751, 12.126, 8.249, 15.374 ], "texture": "#texture" },
        "west":  { "uv": [ 7.751, 12.126, 7.874, 15.374 ], "texture": "#texture" },
        "east":  { "uv": [ 8.126, 12.126, 8.249, 15.374 ], "texture": "#texture" }
    }
},
{
    "__comment": "Nathan1",
    "from": [ 7.75, 5.625, 7.75 ],
    "to": [ 8.25, 5.75, 7.875 ],
    "faces": {
        "down":  { "uv": [ 8.249, 7.874, 7.751, 7.751 ], "texture": "#texture" },
        "up":    { "uv": [ 7.751, 7.751, 8.249, 7.874 ], "texture": "#texture" },
        "north": { "uv": [ 7.751, 10.251, 8.249, 10.374 ], "texture": "#texture" },
        "west":  { "uv": [ 7.751, 10.251, 7.874, 10.374 ], "texture": "#texture" },
        "east":  { "uv": [ 8.126, 10.251, 8.249, 10.374 ], "texture": "#texture" }
    }
},
{
    "__comment": "Nathan1",
    "from": [ 7.75, 13.875, 7.75 ],
    "to": [ 8.25, 14.125, 7.875 ],
    "faces": {
        "down":  { "uv": [ 7.874, 2.374, 7.376, 1.876 ], "texture": "#texture" },
        "north": { "uv": [ 7.874, 1.876, 7.376, 2.374 ], "texture": "#texture" },
        "west":  { "uv": [ 7.876, 1.876, 8.374, 2.374 ], "texture": "#texture" },
        "east":  { "uv": [ 7.374, 1.876, 6.876, 2.374 ], "texture": "#texture" }
    }
},
{
    "__comment": "Nathan1",
    "from": [ 7.75, 15, 7.75 ],
    "to": [ 8.25, 15.125, 7.875 ],
    "faces": {
        "up":    { "uv": [ 7.874, 0.876, 7.376, 1.374 ], "texture": "#texture" },
        "north": { "uv": [ 7.874, 0.876, 7.376, 1.374 ], "texture": "#texture" },
        "west":  { "uv": [ 7.876, 0.876, 8.374, 1.374 ], "texture": "#texture" },
        "east":  { "uv": [ 7.374, 0.876, 6.876, 1.374 ], "texture": "#texture" }
    }
},
{
    "__comment": "Nathan1",
    "from": [ 7.75, 0.125, 7.875 ],
    "to": [ 8.25, 0.25, 8.125 ],
    "faces": {
        "down":  { "uv": [ 8.249, 8.124, 7.751, 7.876 ], "texture": "#texture" },
        "up":    { "uv": [ 7.751, 7.876, 8.249, 8.124 ], "texture": "#texture" },
        "north": { "uv": [ 7.751, 15.751, 8.249, 15.874 ], "texture": "#texture" },
        "south": { "uv": [ 7.751, 15.751, 8.249, 15.874 ], "texture": "#texture" },
        "west":  { "uv": [ 7.876, 15.751, 8.124, 15.874 ], "texture": "#texture" },
        "east":  { "uv": [ 7.876, 15.751, 8.124, 15.874 ], "texture": "#texture" }
    }
},
{
    "__comment": "Nathan1",
    "from": [ 7.75, 3.875, 7.875 ],
    "to": [ 8.25, 5.25, 8.125 ],
    "faces": {
        "down":  { "uv": [ 8.249, 8.124, 7.751, 7.876 ], "texture": "#texture" },
        "up":    { "uv": [ 7.751, 7.876, 8.249, 8.124 ], "texture": "#texture" },
        "north": { "uv": [ 7.751, 10.751, 8.249, 12.124 ], "texture": "#texture" },
        "south": { "uv": [ 7.751, 10.751, 8.249, 12.124 ], "texture": "#texture" },
        "west":  { "uv": [ 7.876, 10.751, 8.124, 12.124 ], "texture": "#texture" },
        "east":  { "uv": [ 7.876, 10.751, 8.124, 12.124 ], "texture": "#texture" }
    }
},
{
    "__comment": "Nathan1",
    "from": [ 7.75, 5.5, 7.875 ],
    "to": [ 8.25, 5.625, 8 ],
    "faces": {
        "down":  { "uv": [ 8.249, 7.999, 7.751, 7.876 ], "texture": "#texture" },
        "north": { "uv": [ 7.751, 10.376, 8.249, 10.499 ], "texture": "#texture" },
        "west":  { "uv": [ 7.876, 10.376, 7.999, 10.499 ], "texture": "#texture" },
        "east":  { "uv": [ 8.001, 10.376, 8.124, 10.499 ], "texture": "#texture" }
    }
},
{
    "__comment": "Nathan1",
    "from": [ 7.75, 5.75, 7.875 ],
    "to": [ 8.25, 5.875, 8 ],
    "faces": {
        "up":    { "uv": [ 7.751, 7.876, 8.249, 7.999 ], "texture": "#texture" },
        "north": { "uv": [ 7.751, 10.126, 8.249, 10.249 ], "texture": "#texture" },
        "west":  { "uv": [ 7.876, 10.126, 7.999, 10.249 ], "texture": "#texture" },
        "east":  { "uv": [ 8.001, 10.126, 8.124, 10.249 ], "texture": "#texture" }
    }
},
{
    "__comment": "Nathan1",
    "from": [ 7.75, 13.625, 7.875 ],
    "to": [ 8.25, 13.875, 8.125 ],
    "faces": {
        "down":  { "uv": [ 8.124, 2.624, 7.626, 2.126 ], "texture": "#texture" },
        "north": { "uv": [ 8.124, 2.126, 7.626, 2.624 ], "texture": "#texture" },
        "south": { "uv": [ 8.124, 2.624, 7.626, 2.126 ], "texture": "#texture" },
        "west":  { "uv": [ 8.126, 2.126, 8.624, 2.624 ], "texture": "#texture" },
        "east":  { "uv": [ 7.624, 2.126, 7.126, 2.624 ], "texture": "#texture" }
    }
},
{
    "__comment": "Nathan1",
    "from": [ 7.75, 15.125, 7.875 ],
    "to": [ 8.25, 15.375, 8.125 ],
    "faces": {
        "up":    { "uv": [ 8.124, 0.626, 7.626, 1.124 ], "texture": "#texture" },
        "north": { "uv": [ 8.124, 0.626, 7.626, 1.124 ], "texture": "#texture" },
        "south": { "uv": [ 8.124, 1.124, 7.626, 0.626 ], "texture": "#texture" },
        "west":  { "uv": [ 8.126, 0.626, 8.624, 1.124 ], "texture": "#texture" },
        "east":  { "uv": [ 7.624, 0.626, 7.126, 1.124 ], "texture": "#texture" }
    }
},
{
    "__comment": "Nathan1",
    "from": [ 7.75, 1.75, 8 ],
    "to": [ 8.25, 3.875, 8.125 ],
    "faces": {
        "south": { "uv": [ 7.751, 12.126, 8.249, 14.249 ], "texture": "#texture" },
        "west":  { "uv": [ 8.001, 12.126, 8.124, 14.249 ], "texture": "#texture" },
        "east":  { "uv": [ 7.876, 12.126, 7.999, 14.249 ], "texture": "#texture" }
    }
},
{
    "__comment": "Nathan1",
    "from": [ 7.75, 5.25, 8 ],
    "to": [ 8.25, 5.5, 8.125 ],
    "faces": {
        "north": { "uv": [ 7.751, 10.501, 8.249, 10.749 ], "texture": "#texture" },
        "south": { "uv": [ 7.751, 10.501, 8.249, 10.749 ], "texture": "#texture" },
        "west":  { "uv": [ 8.001, 10.501, 8.124, 10.749 ], "texture": "#texture" },
        "east":  { "uv": [ 7.876, 10.501, 7.999, 10.749 ], "texture": "#texture" }
    }
},
{
    "__comment": "Nathan1",
    "from": [ 7.75, 5.875, 8 ],
    "to": [ 8.25, 6.625, 8.125 ],
    "faces": {
        "up":    { "uv": [ 7.751, 8.001, 8.249, 8.124 ], "texture": "#texture" },
        "north": { "uv": [ 7.751, 9.376, 8.249, 10.124 ], "texture": "#texture" },
        "south": { "uv": [ 7.751, 9.376, 8.249, 10.124 ], "texture": "#texture" },
        "west":  { "uv": [ 8.001, 9.376, 8.124, 10.124 ], "texture": "#texture" },
        "east":  { "uv": [ 7.876, 9.376, 7.999, 10.124 ], "texture": "#texture" }
    }
},
{
    "__comment": "Nathan1",
    "from": [ 7.75, 0.25, 8.125 ],
    "to": [ 8.25, 0.375, 8.25 ],
    "faces": {
        "down":  { "uv": [ 8.249, 8.249, 7.751, 8.126 ], "texture": "#texture" },
        "south": { "uv": [ 7.751, 15.626, 8.249, 15.749 ], "texture": "#texture" },
        "west":  { "uv": [ 8.126, 15.626, 8.249, 15.749 ], "texture": "#texture" },
        "east":  { "uv": [ 7.751, 15.626, 7.874, 15.749 ], "texture": "#texture" }
    }
},
{
    "__comment": "Nathan1",
    "from": [ 7.75, 0.5, 8.125 ],
    "to": [ 8.25, 1.75, 8.25 ],
    "faces": {
        "up":    { "uv": [ 7.751, 8.126, 8.249, 8.249 ], "texture": "#texture" },
        "north": { "uv": [ 7.751, 14.251, 8.249, 15.499 ], "texture": "#texture" },
        "south": { "uv": [ 7.751, 14.251, 8.249, 15.499 ], "texture": "#texture" },
        "west":  { "uv": [ 8.126, 14.251, 8.249, 15.499 ], "texture": "#texture" },
        "east":  { "uv": [ 7.751, 14.251, 7.874, 15.499 ], "texture": "#texture" }
    }
},
{
    "__comment": "Nathan1",
    "from": [ 7.75, 5.5, 8.125 ],
    "to": [ 8.25, 5.625, 8.25 ],
    "faces": {
        "down":  { "uv": [ 8.249, 8.249, 7.751, 8.126 ], "texture": "#texture" },
        "south": { "uv": [ 7.751, 10.376, 8.249, 10.499 ], "texture": "#texture" },
        "west":  { "uv": [ 8.126, 10.376, 8.249, 10.499 ], "texture": "#texture" },
        "east":  { "uv": [ 7.751, 10.376, 7.874, 10.499 ], "texture": "#texture" }
    }
},
{
    "__comment": "Nathan1",
    "from": [ 7.75, 5.75, 8.125 ],
    "to": [ 8.25, 5.875, 8.25 ],
    "faces": {
        "up":    { "uv": [ 7.751, 8.126, 8.249, 8.249 ], "texture": "#texture" },
        "south": { "uv": [ 7.751, 10.126, 8.249, 10.249 ], "texture": "#texture" },
        "west":  { "uv": [ 8.126, 10.126, 8.249, 10.249 ], "texture": "#texture" },
        "east":  { "uv": [ 7.751, 10.126, 7.874, 10.249 ], "texture": "#texture" }
    }
},
{
    "__comment": "Nathan1",
    "from": [ 7.75, 6.75, 8.125 ],
    "to": [ 8.25, 8.625, 8.25 ],
    "faces": {
        "down":  { "uv": [ 8.249, 8.249, 7.751, 8.126 ], "texture": "#texture" },
        "up":    { "uv": [ 7.751, 8.126, 8.249, 8.249 ], "texture": "#texture" },
        "north": { "uv": [ 7.751, 7.376, 8.249, 9.249 ], "texture": "#texture" },
        "south": { "uv": [ 7.751, 7.376, 8.249, 9.249 ], "texture": "#texture" },
        "west":  { "uv": [ 8.126, 7.376, 8.249, 9.249 ], "texture": "#texture" },
        "east":  { "uv": [ 7.751, 7.376, 7.874, 9.249 ], "texture": "#texture" }
    }
},
{
    "__comment": "Nathan1",
    "from": [ 7.75, 13.875, 8.125 ],
    "to": [ 8.25, 14.125, 8.25 ],
    "faces": {
        "down":  { "uv": [ 8.249, 2.374, 7.751, 1.876 ], "texture": "#texture" },
        "south": { "uv": [ 8.249, 2.374, 7.751, 1.876 ], "texture": "#texture" },
        "west":  { "uv": [ 8.251, 1.876, 8.749, 2.374 ], "texture": "#texture" },
        "east":  { "uv": [ 7.749, 1.876, 7.251, 2.374 ], "texture": "#texture" }
    }
},
{
    "__comment": "Nathan1",
    "from": [ 7.75, 14.875, 8.125 ],
    "to": [ 8.25, 15, 8.375 ],
    "faces": {
        "down":  { "uv": [ 8.374, 1.499, 7.876, 1.001 ], "texture": "#texture" },
        "up":    { "uv": [ 8.374, 1.001, 7.876, 1.499 ], "texture": "#texture" },
        "south": { "uv": [ 8.374, 1.499, 7.876, 1.001 ], "texture": "#texture" },
        "west":  { "uv": [ 8.376, 1.001, 8.874, 1.499 ], "texture": "#texture" },
        "east":  { "uv": [ 7.874, 1.001, 7.376, 1.499 ], "texture": "#texture" }
    }
},
{
    "__comment": "Nathan1",
    "from": [ 7.75, 15, 8.125 ],
    "to": [ 8.25, 15.125, 8.25 ],
    "faces": {
        "up":    { "uv": [ 8.249, 0.876, 7.751, 1.374 ], "texture": "#texture" },
        "south": { "uv": [ 8.249, 1.374, 7.751, 0.876 ], "texture": "#texture" },
        "west":  { "uv": [ 8.251, 0.876, 8.749, 1.374 ], "texture": "#texture" },
        "east":  { "uv": [ 7.749, 0.876, 7.251, 1.374 ], "texture": "#texture" }
    }
},
{
    "__comment": "Nathan1",
    "from": [ 7.75, 0.375, 8.25 ],
    "to": [ 8.25, 0.5, 8.375 ],
    "faces": {
        "down":  { "uv": [ 8.249, 8.374, 7.751, 8.251 ], "texture": "#texture" },
        "up":    { "uv": [ 7.751, 8.251, 8.249, 8.374 ], "texture": "#texture" },
        "south": { "uv": [ 7.751, 15.501, 8.249, 15.624 ], "texture": "#texture" },
        "west":  { "uv": [ 8.251, 15.501, 8.374, 15.624 ], "texture": "#texture" },
        "east":  { "uv": [ 7.626, 15.501, 7.749, 15.624 ], "texture": "#texture" }
    }
},
{
    "__comment": "Nathan1",
    "from": [ 7.75, 5.625, 8.25 ],
    "to": [ 8.25, 5.75, 8.375 ],
    "faces": {
        "down":  { "uv": [ 8.249, 8.374, 7.751, 8.251 ], "texture": "#texture" },
        "up":    { "uv": [ 7.751, 8.251, 8.249, 8.374 ], "texture": "#texture" },
        "south": { "uv": [ 7.751, 10.251, 8.249, 10.374 ], "texture": "#texture" },
        "west":  { "uv": [ 8.251, 10.251, 8.374, 10.374 ], "texture": "#texture" },
        "east":  { "uv": [ 7.626, 10.251, 7.749, 10.374 ], "texture": "#texture" }
    }
},
{
    "__comment": "Nathan1",
    "from": [ 7.75, 14.125, 8.25 ],
    "to": [ 8.25, 14.25, 8.375 ],
    "faces": {
        "down":  { "uv": [ 8.374, 2.249, 7.876, 1.751 ], "texture": "#texture" },
        "south": { "uv": [ 8.374, 2.249, 7.876, 1.751 ], "texture": "#texture" },
        "west":  { "uv": [ 8.376, 1.751, 8.874, 2.249 ], "texture": "#texture" },
        "east":  { "uv": [ 7.874, 1.751, 7.376, 2.249 ], "texture": "#texture" }
    }
},
{
    "__comment": "Nathan1",
    "from": [ 7.75, 14.75, 8.25 ],
    "to": [ 8.25, 14.875, 8.5 ],
    "faces": {
        "down":  { "uv": [ 8.499, 1.624, 8.001, 1.126 ], "texture": "#texture" },
        "up":    { "uv": [ 8.499, 1.126, 8.001, 1.624 ], "texture": "#texture" },
        "south": { "uv": [ 8.499, 1.624, 8.001, 1.126 ], "texture": "#texture" },
        "west":  { "uv": [ 8.501, 1.126, 8.999, 1.624 ], "texture": "#texture" },
        "east":  { "uv": [ 7.999, 1.126, 7.501, 1.624 ], "texture": "#texture" }
    }
},
{
    "__comment": "Nathan1",
    "from": [ 7.75, 14.25, 8.375 ],
    "to": [ 8.25, 14.375, 8.625 ],
    "faces": {
        "down":  { "uv": [ 8.624, 2.124, 8.126, 1.626 ], "texture": "#texture" },
        "south": { "uv": [ 8.624, 2.124, 8.126, 1.626 ], "texture": "#texture" },
        "west":  { "uv": [ 8.626, 1.626, 9.124, 2.124 ], "texture": "#texture" },
        "east":  { "uv": [ 8.124, 1.626, 7.626, 2.124 ], "texture": "#texture" }
    }
},
{
    "__comment": "Nathan1",
    "from": [ 7.75, 14.625, 8.375 ],
    "to": [ 8.25, 14.75, 8.625 ],
    "faces": {
        "up":    { "uv": [ 8.624, 1.251, 8.126, 1.749 ], "texture": "#texture" },
        "south": { "uv": [ 8.624, 1.749, 8.126, 1.251 ], "texture": "#texture" },
        "west":  { "uv": [ 8.626, 1.251, 9.124, 1.749 ], "texture": "#texture" },
        "east":  { "uv": [ 8.124, 1.251, 7.626, 1.749 ], "texture": "#texture" }
    }
},
{
    "__comment": "Nathan1",
    "from": [ 7.75, 14.375, 8.625 ],
    "to": [ 8.25, 14.625, 8.875 ],
    "faces": {
        "down":  { "uv": [ 8.874, 1.874, 8.376, 1.376 ], "texture": "#texture" },
        "up":    { "uv": [ 8.874, 1.376, 8.376, 1.874 ], "texture": "#texture" },
        "south": { "uv": [ 8.874, 1.874, 8.376, 1.376 ], "texture": "#texture" },
        "west":  { "uv": [ 8.876, 1.376, 9.374, 1.874 ], "texture": "#texture" },
        "east":  { "uv": [ 8.374, 1.376, 7.876, 1.874 ], "texture": "#texture" }
    }
},
{
    "__comment": "Nathan1",
    "from": [ 7.875, 14.5, 6.75 ],
    "to": [ 8.125, 14.625, 7.125 ],
    "faces": {
        "down":  { "uv": [ 7.124, 1.874, 6.626, 1.376 ], "texture": "#texture" },
        "up":    { "uv": [ 7.124, 1.376, 6.626, 1.874 ], "texture": "#texture" },
        "north": { "uv": [ 7.124, 1.376, 6.626, 1.874 ], "texture": "#texture" },
        "west":  { "uv": [ 7.126, 1.376, 7.624, 1.874 ], "texture": "#texture" },
        "east":  { "uv": [ 6.624, 1.376, 6.126, 1.874 ], "texture": "#texture" }
    }
},
{
    "__comment": "Nathan1",
    "from": [ 7.875, 14.375, 6.875 ],
    "to": [ 8.125, 14.5, 7.125 ],
    "faces": {
        "down":  { "uv": [ 7.124, 1.999, 6.626, 1.501 ], "texture": "#texture" },
        "north": { "uv": [ 7.124, 1.501, 6.626, 1.999 ], "texture": "#texture" },
        "west":  { "uv": [ 7.126, 1.501, 7.624, 1.999 ], "texture": "#texture" },
        "east":  { "uv": [ 6.624, 1.501, 6.126, 1.999 ], "texture": "#texture" }
    }
},
{
    "__comment": "Nathan1",
    "from": [ 7.875, 14.25, 7 ],
    "to": [ 8.125, 14.375, 7.375 ],
    "faces": {
        "down":  { "uv": [ 7.374, 2.124, 6.876, 1.626 ], "texture": "#texture" },
        "up":    { "uv": [ 7.374, 1.626, 6.876, 2.124 ], "texture": "#texture" },
        "north": { "uv": [ 7.374, 1.626, 6.876, 2.124 ], "texture": "#texture" },
        "west":  { "uv": [ 7.376, 1.626, 7.874, 2.124 ], "texture": "#texture" },
        "east":  { "uv": [ 6.874, 1.626, 6.376, 2.124 ], "texture": "#texture" }
    }
},
{
    "__comment": "Nathan1",
    "from": [ 7.875, 14.625, 7 ],
    "to": [ 8.125, 14.75, 7.375 ],
    "faces": {
        "down":  { "uv": [ 7.374, 1.749, 6.876, 1.251 ], "texture": "#texture" },
        "up":    { "uv": [ 7.374, 1.251, 6.876, 1.749 ], "texture": "#texture" },
        "north": { "uv": [ 7.374, 1.251, 6.876, 1.749 ], "texture": "#texture" },
        "west":  { "uv": [ 7.376, 1.251, 7.874, 1.749 ], "texture": "#texture" },
        "east":  { "uv": [ 6.874, 1.251, 6.376, 1.749 ], "texture": "#texture" }
    }
},
{
    "__comment": "Nathan1",
    "from": [ 7.875, 14.125, 7.25 ],
    "to": [ 8.125, 14.25, 7.625 ],
    "faces": {
        "down":  { "uv": [ 7.624, 2.249, 7.126, 1.751 ], "texture": "#texture" },
        "up":    { "uv": [ 7.624, 1.751, 7.126, 2.249 ], "texture": "#texture" },
        "north": { "uv": [ 7.624, 1.751, 7.126, 2.249 ], "texture": "#texture" },
        "west":  { "uv": [ 7.626, 1.751, 8.124, 2.249 ], "texture": "#texture" },
        "east":  { "uv": [ 7.124, 1.751, 6.626, 2.249 ], "texture": "#texture" }
    }
},
{
    "__comment": "Nathan1",
    "from": [ 7.875, 14.75, 7.25 ],
    "to": [ 8.125, 14.875, 7.5 ],
    "faces": {
        "down":  { "uv": [ 7.499, 1.624, 7.001, 1.126 ], "texture": "#texture" },
        "up":    { "uv": [ 7.499, 1.126, 7.001, 1.624 ], "texture": "#texture" },
        "north": { "uv": [ 7.499, 1.126, 7.001, 1.624 ], "texture": "#texture" },
        "west":  { "uv": [ 7.501, 1.126, 7.999, 1.624 ], "texture": "#texture" },
        "east":  { "uv": [ 6.999, 1.126, 6.501, 1.624 ], "texture": "#texture" }
    }
},
{
    "__comment": "Nathan1",
    "from": [ 7.875, 0.375, 7.375 ],
    "to": [ 8.125, 0.5, 7.5 ],
    "faces": {
        "down":  { "uv": [ 8.124, 7.499, 7.876, 7.376 ], "texture": "#texture" },
        "up":    { "uv": [ 7.876, 7.376, 8.124, 7.499 ], "texture": "#texture" },
        "north": { "uv": [ 7.876, 15.501, 8.124, 15.624 ], "texture": "#texture" },
        "west":  { "uv": [ 7.376, 15.501, 7.499, 15.624 ], "texture": "#texture" },
        "east":  { "uv": [ 8.501, 15.501, 8.624, 15.624 ], "texture": "#texture" }
    }
},
{
    "__comment": "Nathan1",
    "from": [ 7.875, 0.25, 7.5 ],
    "to": [ 8.125, 0.375, 7.625 ],
    "faces": {
        "down":  { "uv": [ 8.124, 7.624, 7.876, 7.501 ], "texture": "#texture" },
        "north": { "uv": [ 7.876, 15.626, 8.124, 15.749 ], "texture": "#texture" },
        "west":  { "uv": [ 7.501, 15.626, 7.624, 15.749 ], "texture": "#texture" },
        "east":  { "uv": [ 8.376, 15.626, 8.499, 15.749 ], "texture": "#texture" }
    }
},
{
    "__comment": "Nathan1",
    "from": [ 7.875, 0.5, 7.5 ],
    "to": [ 8.125, 0.625, 7.625 ],
    "faces": {
        "up":    { "uv": [ 7.876, 7.501, 8.124, 7.624 ], "texture": "#texture" },
        "north": { "uv": [ 7.876, 15.376, 8.124, 15.499 ], "texture": "#texture" },
        "west":  { "uv": [ 7.501, 15.376, 7.624, 15.499 ], "texture": "#texture" },
        "east":  { "uv": [ 8.376, 15.376, 8.499, 15.499 ], "texture": "#texture" }
    }
},
{
    "__comment": "Nathan1",
    "from": [ 7.875, 14, 7.5 ],
    "to": [ 8.125, 14.125, 7.75 ],
    "faces": {
        "down":  { "uv": [ 7.749, 2.374, 7.251, 1.876 ], "texture": "#texture" },
        "up":    { "uv": [ 7.749, 1.876, 7.251, 2.374 ], "texture": "#texture" },
        "north": { "uv": [ 7.749, 1.876, 7.251, 2.374 ], "texture": "#texture" },
        "west":  { "uv": [ 7.751, 1.876, 8.249, 2.374 ], "texture": "#texture" },
        "east":  { "uv": [ 7.249, 1.876, 6.751, 2.374 ], "texture": "#texture" }
    }
},
{
    "__comment": "Nathan1",
    "from": [ 7.875, 14.875, 7.5 ],
    "to": [ 8.125, 15, 7.625 ],
    "faces": {
        "up":    { "uv": [ 7.624, 1.001, 7.126, 1.499 ], "texture": "#texture" },
        "north": { "uv": [ 7.624, 1.001, 7.126, 1.499 ], "texture": "#texture" },
        "west":  { "uv": [ 7.626, 1.001, 8.124, 1.499 ], "texture": "#texture" },
        "east":  { "uv": [ 7.124, 1.001, 6.626, 1.499 ], "texture": "#texture" }
    }
},
{
    "__comment": "Nathan1",
    "from": [ 7.875, 0.625, 7.625 ],
    "to": [ 8.125, 3.875, 7.75 ],
    "faces": {
        "up":    { "uv": [ 7.876, 7.626, 8.124, 7.749 ], "texture": "#texture" },
        "north": { "uv": [ 7.876, 12.126, 8.124, 15.374 ], "texture": "#texture" },
        "west":  { "uv": [ 7.626, 12.126, 7.749, 15.374 ], "texture": "#texture" },
        "east":  { "uv": [ 8.251, 12.126, 8.374, 15.374 ], "texture": "#texture" }
    }
},
{
    "__comment": "Nathan1",
    "from": [ 7.875, 5.625, 7.625 ],
    "to": [ 8.125, 5.75, 7.75 ],
    "faces": {
        "down":  { "uv": [ 8.124, 7.749, 7.876, 7.626 ], "texture": "#texture" },
        "up":    { "uv": [ 7.876, 7.626, 8.124, 7.749 ], "texture": "#texture" },
        "north": { "uv": [ 7.876, 10.251, 8.124, 10.374 ], "texture": "#texture" },
        "west":  { "uv": [ 7.626, 10.251, 7.749, 10.374 ], "texture": "#texture" },
        "east":  { "uv": [ 8.251, 10.251, 8.374, 10.374 ], "texture": "#texture" }
    }
},
{
    "__comment": "Nathan1",
    "from": [ 7.875, 13.75, 7.625 ],
    "to": [ 8.125, 13.875, 7.875 ],
    "faces": {
        "down":  { "uv": [ 7.874, 2.624, 7.376, 2.126 ], "texture": "#texture" },
        "up":    { "uv": [ 7.874, 2.126, 7.376, 2.624 ], "texture": "#texture" },
        "north": { "uv": [ 7.874, 2.126, 7.376, 2.624 ], "texture": "#texture" },
        "west":  { "uv": [ 7.876, 2.126, 8.374, 2.624 ], "texture": "#texture" },
        "east":  { "uv": [ 7.374, 2.126, 6.876, 2.624 ], "texture": "#texture" }
    }
},
{
    "__comment": "Nathan1",
    "from": [ 7.875, 13.875, 7.625 ],
    "to": [ 8.125, 14, 7.75 ],
    "faces": {
        "north": { "uv": [ 7.876, 2.001, 8.124, 2.124 ], "texture": "#texture" },
        "west":  { "uv": [ 7.626, 2.001, 7.749, 2.124 ], "texture": "#texture" },
        "east":  { "uv": [ 8.251, 2.001, 8.374, 2.124 ], "texture": "#texture" }
    }
},
{
    "__comment": "Nathan1",
    "from": [ 7.875, 15, 7.625 ],
    "to": [ 8.125, 15.25, 7.75 ],
    "faces": {
        "up":    { "uv": [ 7.749, 0.751, 7.251, 1.249 ], "texture": "#texture" },
        "north": { "uv": [ 7.749, 0.751, 7.251, 1.249 ], "texture": "#texture" },
        "south": { "uv": [ 7.749, 1.249, 7.251, 0.751 ], "texture": "#texture" },
        "west":  { "uv": [ 7.751, 0.751, 8.249, 1.249 ], "texture": "#texture" },
        "east":  { "uv": [ 7.249, 0.751, 6.751, 1.249 ], "texture": "#texture" }
    }
},
{
    "__comment": "Nathan1",
    "from": [ 7.875, 0.125, 7.75 ],
    "to": [ 8.125, 0.25, 7.875 ],
    "faces": {
        "down":  { "uv": [ 8.124, 7.874, 7.876, 7.751 ], "texture": "#texture" },
        "north": { "uv": [ 7.876, 15.751, 8.124, 15.874 ], "texture": "#texture" },
        "west":  { "uv": [ 7.751, 15.751, 7.874, 15.874 ], "texture": "#texture" },
        "east":  { "uv": [ 8.126, 15.751, 8.249, 15.874 ], "texture": "#texture" }
    }
},
{
    "__comment": "Nathan1",
    "from": [ 7.875, 3.875, 7.75 ],
    "to": [ 8.125, 5.25, 7.875 ],
    "faces": {
        "up":    { "uv": [ 7.876, 7.751, 8.124, 7.874 ], "texture": "#texture" },
        "north": { "uv": [ 7.876, 10.751, 8.124, 12.124 ], "texture": "#texture" },
        "west":  { "uv": [ 7.751, 10.751, 7.874, 12.124 ], "texture": "#texture" },
        "east":  { "uv": [ 8.126, 10.751, 8.249, 12.124 ], "texture": "#texture" }
    }
},
{
    "__comment": "Nathan1",
    "from": [ 7.875, 5.5, 7.75 ],
    "to": [ 8.125, 5.625, 7.875 ],
    "faces": {
        "down":  { "uv": [ 8.124, 7.874, 7.876, 7.751 ], "texture": "#texture" },
        "north": { "uv": [ 7.876, 10.376, 8.124, 10.499 ], "texture": "#texture" },
        "west":  { "uv": [ 7.751, 10.376, 7.874, 10.499 ], "texture": "#texture" },
        "east":  { "uv": [ 8.126, 10.376, 8.249, 10.499 ], "texture": "#texture" }
    }
},
{
    "__comment": "Nathan1",
    "from": [ 7.875, 5.75, 7.75 ],
    "to": [ 8.125, 5.875, 7.875 ],
    "faces": {
        "up":    { "uv": [ 7.876, 7.751, 8.124, 7.874 ], "texture": "#texture" },
        "north": { "uv": [ 7.876, 10.126, 8.124, 10.249 ], "texture": "#texture" },
        "west":  { "uv": [ 7.751, 10.126, 7.874, 10.249 ], "texture": "#texture" },
        "east":  { "uv": [ 8.126, 10.126, 8.249, 10.249 ], "texture": "#texture" }
    }
},
{
    "__comment": "Nathan1",
    "from": [ 7.875, 13.5, 7.75 ],
    "to": [ 8.125, 13.625, 8.25 ],
    "faces": {
        "down":  { "uv": [ 8.249, 2.874, 7.751, 2.376 ], "texture": "#texture" },
        "up":    { "uv": [ 8.249, 2.376, 7.751, 2.874 ], "texture": "#texture" },
        "north": { "uv": [ 8.249, 2.376, 7.751, 2.874 ], "texture": "#texture" },
        "south": { "uv": [ 8.249, 2.874, 7.751, 2.376 ], "texture": "#texture" },
        "west":  { "uv": [ 8.251, 2.376, 8.749, 2.874 ], "texture": "#texture" },
        "east":  { "uv": [ 7.749, 2.376, 7.251, 2.874 ], "texture": "#texture" }
    }
},
{
    "__comment": "Nathan1",
    "from": [ 7.875, 13.625, 7.75 ],
    "to": [ 8.125, 13.75, 7.875 ],
    "faces": {
        "north": { "uv": [ 7.876, 2.251, 8.124, 2.374 ], "texture": "#texture" },
        "west":  { "uv": [ 7.751, 2.251, 7.874, 2.374 ], "texture": "#texture" },
        "east":  { "uv": [ 8.126, 2.251, 8.249, 2.374 ], "texture": "#texture" }
    }
},
{
    "__comment": "Nathan1",
    "from": [ 7.875, 15.125, 7.75 ],
    "to": [ 8.125, 15.5, 7.875 ],
    "faces": {
        "up":    { "uv": [ 7.874, 0.501, 7.376, 0.999 ], "texture": "#texture" },
        "north": { "uv": [ 7.874, 0.501, 7.376, 0.999 ], "texture": "#texture" },
        "south": { "uv": [ 7.874, 0.999, 7.376, 0.501 ], "texture": "#texture" },
        "west":  { "uv": [ 7.876, 0.501, 8.374, 0.999 ], "texture": "#texture" },
        "east":  { "uv": [ 7.374, 0.501, 6.876, 0.999 ], "texture": "#texture" }
    }
},
{
    "__comment": "Nathan1",
    "from": [ 7.875, 0, 7.875 ],
    "to": [ 8.125, 0.125, 8 ],
    "faces": {
        "down":  { "uv": [ 8.124, 7.999, 7.876, 7.876 ], "texture": "#texture", "cullface": "down" },
        "north": { "uv": [ 7.876, 15.876, 8.124, 15.999 ], "texture": "#texture" },
        "south": { "uv": [ 7.876, 15.876, 8.124, 15.999 ], "texture": "#texture" },
        "west":  { "uv": [ 7.876, 15.876, 7.999, 15.999 ], "texture": "#texture" },
        "east":  { "uv": [ 8.001, 15.876, 8.124, 15.999 ], "texture": "#texture" }
    }
},
{
    "__comment": "Nathan1",
    "from": [ 7.875, 5.25, 7.875 ],
    "to": [ 8.125, 5.5, 8 ],
    "faces": {
        "north": { "uv": [ 7.876, 10.501, 8.124, 10.749 ], "texture": "#texture" },
        "west":  { "uv": [ 7.876, 10.501, 7.999, 10.749 ], "texture": "#texture" },
        "east":  { "uv": [ 8.001, 10.501, 8.124, 10.749 ], "texture": "#texture" }
    }
},
{
    "__comment": "Nathan1",
    "from": [ 7.875, 5.875, 7.875 ],
    "to": [ 8.125, 6.625, 8 ],
    "faces": {
        "up":    { "uv": [ 7.876, 7.876, 8.124, 7.999 ], "texture": "#texture" },
        "north": { "uv": [ 7.876, 9.376, 8.124, 10.124 ], "texture": "#texture" },
        "west":  { "uv": [ 7.876, 9.376, 7.999, 10.124 ], "texture": "#texture" },
        "east":  { "uv": [ 8.001, 9.376, 8.124, 10.124 ], "texture": "#texture" }
    }
},
{
    "__comment": "Nathan1",
    "from": [ 7.875, 10.375, 7.875 ],
    "to": [ 8.125, 12, 8.125 ],
    "faces": {
        "down":  { "uv": [ 8.124, 8.124, 7.876, 7.876 ], "texture": "#texture" },
        "up":    { "uv": [ 7.876, 7.876, 8.124, 8.124 ], "texture": "#texture" },
        "north": { "uv": [ 7.876, 4.001, 8.124, 5.624 ], "texture": "#texture" },
        "south": { "uv": [ 7.876, 4.001, 8.124, 5.624 ], "texture": "#texture" },
        "west":  { "uv": [ 7.876, 4.001, 8.124, 5.624 ], "texture": "#texture" },
        "east":  { "uv": [ 7.876, 4.001, 8.124, 5.624 ], "texture": "#texture" }
    }
},
{
    "__comment": "Nathan1",
    "from": [ 7.875, 12, 7.875 ],
    "to": [ 8.125, 13.5, 8 ],
    "faces": {
        "north": { "uv": [ 7.501, 3.001, 7.999, 4.499 ], "texture": "#texture" },
        "south": { "uv": [ 7.999, 3.001, 7.501, 4.499 ], "texture": "#texture" },
        "west":  { "uv": [ 8.001, 3.001, 8.499, 4.499 ], "texture": "#texture" },
        "east":  { "uv": [ 7.499, 3.001, 7.001, 4.499 ], "texture": "#texture" }
    }
},
{
    "__comment": "Nathan1",
    "from": [ 7.875, 15.375, 7.875 ],
    "to": [ 8.125, 15.5, 8.25 ],
    "faces": {
        "down":  { "uv": [ 8.249, 0.999, 7.751, 0.501 ], "texture": "#texture" },
        "up":    { "uv": [ 8.249, 0.501, 7.751, 0.999 ], "texture": "#texture" },
        "south": { "uv": [ 8.249, 0.999, 7.751, 0.501 ], "texture": "#texture" },
        "west":  { "uv": [ 8.251, 0.501, 8.749, 0.999 ], "texture": "#texture" },
        "east":  { "uv": [ 7.749, 0.501, 7.251, 0.999 ], "texture": "#texture" }
    }
},
{
    "__comment": "Nathan1",
    "from": [ 7.875, 15.5, 7.875 ],
    "to": [ 8.125, 15.75, 8.125 ],
    "faces": {
        "up":    { "uv": [ 8.124, 0.251, 7.626, 0.749 ], "texture": "#texture" },
        "north": { "uv": [ 7.626, 0.251, 8.124, 0.499 ], "texture": "#texture" },
        "south": { "uv": [ 8.124, 0.251, 7.626, 0.499 ], "texture": "#texture" },
        "west":  { "uv": [ 8.126, 0.251, 8.624, 0.499 ], "texture": "#texture" },
        "east":  { "uv": [ 7.624, 0.251, 7.126, 0.499 ], "texture": "#texture" }
    }
},
{
    "__comment": "Nathan1",
    "from": [ 7.875, 6.625, 8 ],
    "to": [ 8.125, 6.75, 8.25 ],
    "faces": {
        "down":  { "uv": [ 8.124, 8.249, 7.876, 8.001 ], "texture": "#texture" },
        "up":    { "uv": [ 7.876, 8.001, 8.124, 8.249 ], "texture": "#texture" },
        "north": { "uv": [ 7.876, 9.251, 8.124, 9.374 ], "texture": "#texture" },
        "south": { "uv": [ 7.876, 9.251, 8.124, 9.374 ], "texture": "#texture" },
        "west":  { "uv": [ 8.001, 9.251, 8.249, 9.374 ], "texture": "#texture" },
        "east":  { "uv": [ 7.751, 9.251, 7.999, 9.374 ], "texture": "#texture" }
    }
},
{
    "__comment": "Nathan1",
    "from": [ 7.875, 6.75, 8 ],
    "to": [ 8.125, 10.375, 8.125 ],
    "faces": {
        "north": { "uv": [ 7.876, 5.626, 8.124, 9.249 ], "texture": "#texture" },
        "south": { "uv": [ 7.876, 5.626, 8.124, 9.249 ], "texture": "#texture" },
        "west":  { "uv": [ 8.001, 5.626, 8.124, 9.249 ], "texture": "#texture" },
        "east":  { "uv": [ 7.876, 5.626, 7.999, 9.249 ], "texture": "#texture" }
    }
},
{
    "__comment": "Nathan1",
    "from": [ 7.875, 13.25, 8 ],
    "to": [ 8.125, 13.5, 8.125 ],
    "faces": {
        "down":  { "uv": [ 8.124, 2.999, 7.626, 2.501 ], "texture": "#texture" },
        "south": { "uv": [ 8.124, 2.999, 7.626, 2.501 ], "texture": "#texture" },
        "west":  { "uv": [ 8.126, 2.501, 8.624, 2.999 ], "texture": "#texture" },
        "east":  { "uv": [ 7.624, 2.501, 7.126, 2.999 ], "texture": "#texture" }
    }
},
{
    "__comment": "Nathan1",
    "from": [ 7.875, 0.125, 8.125 ],
    "to": [ 8.125, 0.25, 8.25 ],
    "faces": {
        "down":  { "uv": [ 8.124, 8.249, 7.876, 8.126 ], "texture": "#texture" },
        "south": { "uv": [ 7.876, 15.751, 8.124, 15.874 ], "texture": "#texture" },
        "west":  { "uv": [ 8.126, 15.751, 8.249, 15.874 ], "texture": "#texture" },
        "east":  { "uv": [ 7.751, 15.751, 7.874, 15.874 ], "texture": "#texture" }
    }
},
{
    "__comment": "Nathan1",
    "from": [ 7.875, 1.75, 8.125 ],
    "to": [ 8.125, 5.5, 8.25 ],
    "faces": {
        "north": { "uv": [ 7.876, 10.501, 8.124, 14.249 ], "texture": "#texture" },
        "south": { "uv": [ 7.876, 10.501, 8.124, 14.249 ], "texture": "#texture" },
        "west":  { "uv": [ 8.126, 10.501, 8.249, 14.249 ], "texture": "#texture" },
        "east":  { "uv": [ 7.751, 10.501, 7.874, 14.249 ], "texture": "#texture" }
    }
},
{
    "__comment": "Nathan1",
    "from": [ 7.875, 5.875, 8.125 ],
    "to": [ 8.125, 6.625, 8.25 ],
    "faces": {
        "south": { "uv": [ 7.876, 9.376, 8.124, 10.124 ], "texture": "#texture" },
        "west":  { "uv": [ 8.126, 9.376, 8.249, 10.124 ], "texture": "#texture" },
        "east":  { "uv": [ 7.751, 9.376, 7.874, 10.124 ], "texture": "#texture" }
    }
},
{
    "__comment": "Nathan1",
    "from": [ 7.875, 8.625, 8.125 ],
    "to": [ 8.125, 10.125, 8.25 ],
    "faces": {
        "up":    { "uv": [ 7.876, 8.126, 8.124, 8.249 ], "texture": "#texture" },
        "south": { "uv": [ 7.876, 5.876, 8.124, 7.374 ], "texture": "#texture" },
        "west":  { "uv": [ 8.126, 5.876, 8.249, 7.374 ], "texture": "#texture" },
        "east":  { "uv": [ 7.751, 5.876, 7.874, 7.374 ], "texture": "#texture" }
    }
},
{
    "__comment": "Nathan1",
    "from": [ 7.875, 13.625, 8.125 ],
    "to": [ 8.125, 13.875, 8.25 ],
    "faces": {
        "south": { "uv": [ 7.876, 2.126, 8.124, 2.374 ], "texture": "#texture" },
        "west":  { "uv": [ 8.126, 2.126, 8.249, 2.374 ], "texture": "#texture" },
        "east":  { "uv": [ 7.751, 2.126, 7.874, 2.374 ], "texture": "#texture" }
    }
},
{
    "__comment": "Nathan1",
    "from": [ 7.875, 15.125, 8.125 ],
    "to": [ 8.125, 15.25, 8.375 ],
    "faces": {
        "down":  { "uv": [ 8.374, 1.249, 7.876, 0.751 ], "texture": "#texture" },
        "up":    { "uv": [ 8.374, 0.751, 7.876, 1.249 ], "texture": "#texture" },
        "south": { "uv": [ 8.374, 1.249, 7.876, 0.751 ], "texture": "#texture" },
        "west":  { "uv": [ 8.376, 0.751, 8.874, 1.249 ], "texture": "#texture" },
        "east":  { "uv": [ 7.874, 0.751, 7.376, 1.249 ], "texture": "#texture" }
    }
},
{
    "__comment": "Nathan1",
    "from": [ 7.875, 15.25, 8.125 ],
    "to": [ 8.125, 15.375, 8.25 ],
    "faces": {
        "south": { "uv": [ 7.876, 0.626, 8.124, 0.749 ], "texture": "#texture" },
        "west":  { "uv": [ 8.126, 0.626, 8.249, 0.749 ], "texture": "#texture" },
        "east":  { "uv": [ 7.751, 0.626, 7.874, 0.749 ], "texture": "#texture" }
    }
},
{
    "__comment": "Nathan1",
    "from": [ 7.875, 0.25, 8.25 ],
    "to": [ 8.125, 0.375, 8.375 ],
    "faces": {
        "down":  { "uv": [ 8.124, 8.374, 7.876, 8.251 ], "texture": "#texture" },
        "south": { "uv": [ 7.876, 15.626, 8.124, 15.749 ], "texture": "#texture" },
        "west":  { "uv": [ 8.251, 15.626, 8.374, 15.749 ], "texture": "#texture" },
        "east":  { "uv": [ 7.626, 15.626, 7.749, 15.749 ], "texture": "#texture" }
    }
},
{
    "__comment": "Nathan1",
    "from": [ 7.875, 0.5, 8.25 ],
    "to": [ 8.125, 1.75, 8.375 ],
    "faces": {
        "up":    { "uv": [ 7.876, 8.251, 8.124, 8.374 ], "texture": "#texture" },
        "south": { "uv": [ 7.876, 14.251, 8.124, 15.499 ], "texture": "#texture" },
        "west":  { "uv": [ 8.251, 14.251, 8.374, 15.499 ], "texture": "#texture" },
        "east":  { "uv": [ 7.626, 14.251, 7.749, 15.499 ], "texture": "#texture" }
    }
},
{
    "__comment": "Nathan1",
    "from": [ 7.875, 5.5, 8.25 ],
    "to": [ 8.125, 5.625, 8.375 ],
    "faces": {
        "down":  { "uv": [ 8.124, 8.374, 7.876, 8.251 ], "texture": "#texture" },
        "south": { "uv": [ 7.876, 10.376, 8.124, 10.499 ], "texture": "#texture" },
        "west":  { "uv": [ 8.251, 10.376, 8.374, 10.499 ], "texture": "#texture" },
        "east":  { "uv": [ 7.626, 10.376, 7.749, 10.499 ], "texture": "#texture" }
    }
},
{
    "__comment": "Nathan1",
    "from": [ 7.875, 5.75, 8.25 ],
    "to": [ 8.125, 5.875, 8.375 ],
    "faces": {
        "up":    { "uv": [ 7.876, 8.251, 8.124, 8.374 ], "texture": "#texture" },
        "south": { "uv": [ 7.876, 10.126, 8.124, 10.249 ], "texture": "#texture" },
        "west":  { "uv": [ 8.251, 10.126, 8.374, 10.249 ], "texture": "#texture" },
        "east":  { "uv": [ 7.626, 10.126, 7.749, 10.249 ], "texture": "#texture" }
    }
},
{
    "__comment": "Nathan1",
    "from": [ 7.875, 6.75, 8.25 ],
    "to": [ 8.125, 8.625, 8.375 ],
    "faces": {
        "down":  { "uv": [ 8.124, 8.374, 7.876, 8.251 ], "texture": "#texture" },
        "up":    { "uv": [ 7.876, 8.251, 8.124, 8.374 ], "texture": "#texture" },
        "south": { "uv": [ 7.876, 7.376, 8.124, 9.249 ], "texture": "#texture" },
        "west":  { "uv": [ 8.251, 7.376, 8.374, 9.249 ], "texture": "#texture" },
        "east":  { "uv": [ 7.626, 7.376, 7.749, 9.249 ], "texture": "#texture" }
    }
},
{
    "__comment": "Nathan1",
    "from": [ 7.875, 13.75, 8.25 ],
    "to": [ 8.125, 14.125, 8.375 ],
    "faces": {
        "down":  { "uv": [ 8.374, 2.374, 7.876, 1.876 ], "texture": "#texture" },
        "north": { "uv": [ 8.374, 1.876, 7.876, 2.374 ], "texture": "#texture" },
        "south": { "uv": [ 8.374, 2.374, 7.876, 1.876 ], "texture": "#texture" },
        "west":  { "uv": [ 8.376, 1.876, 8.874, 2.374 ], "texture": "#texture" },
        "east":  { "uv": [ 7.874, 1.876, 7.376, 2.374 ], "texture": "#texture" }
    }
},
{
    "__comment": "Nathan1",
    "from": [ 7.875, 15, 8.25 ],
    "to": [ 8.125, 15.125, 8.375 ],
    "faces": {
        "south": { "uv": [ 8.374, 1.374, 7.876, 0.876 ], "texture": "#texture" },
        "west":  { "uv": [ 8.376, 0.876, 8.874, 1.374 ], "texture": "#texture" },
        "east":  { "uv": [ 7.874, 0.876, 7.376, 1.374 ], "texture": "#texture" }
    }
},
{
    "__comment": "Nathan1",
    "from": [ 7.875, 0.375, 8.375 ],
    "to": [ 8.125, 0.5, 8.5 ],
    "faces": {
        "down":  { "uv": [ 8.124, 8.499, 7.876, 8.376 ], "texture": "#texture" },
        "up":    { "uv": [ 7.876, 8.376, 8.124, 8.499 ], "texture": "#texture" },
        "south": { "uv": [ 7.876, 15.501, 8.124, 15.624 ], "texture": "#texture" },
        "west":  { "uv": [ 8.376, 15.501, 8.499, 15.624 ], "texture": "#texture" },
        "east":  { "uv": [ 7.501, 15.501, 7.624, 15.624 ], "texture": "#texture" }
    }
},
{
    "__comment": "Nathan1",
    "from": [ 7.875, 5.625, 8.375 ],
    "to": [ 8.125, 5.75, 8.5 ],
    "faces": {
        "down":  { "uv": [ 8.124, 8.499, 7.876, 8.376 ], "texture": "#texture" },
        "up":    { "uv": [ 7.876, 8.376, 8.124, 8.499 ], "texture": "#texture" },
        "south": { "uv": [ 7.876, 10.251, 8.124, 10.374 ], "texture": "#texture" },
        "west":  { "uv": [ 8.376, 10.251, 8.499, 10.374 ], "texture": "#texture" },
        "east":  { "uv": [ 7.501, 10.251, 7.624, 10.374 ], "texture": "#texture" }
    }
},
{
    "__comment": "Nathan1",
    "from": [ 7.875, 14, 8.375 ],
    "to": [ 8.125, 14.25, 8.5 ],
    "faces": {
        "down":  { "uv": [ 8.374, 2.249, 7.876, 1.751 ], "texture": "#texture" },
        "north": { "uv": [ 8.374, 1.751, 7.876, 2.249 ], "texture": "#texture" },
        "south": { "uv": [ 8.374, 2.249, 7.876, 1.751 ], "texture": "#texture" },
        "west":  { "uv": [ 8.376, 1.751, 8.874, 2.249 ], "texture": "#texture" },
        "east":  { "uv": [ 7.874, 1.751, 7.376, 2.249 ], "texture": "#texture" }
    }
},
{
    "__comment": "Nathan1",
    "from": [ 7.875, 14.875, 8.375 ],
    "to": [ 8.125, 15, 8.5 ],
    "faces": {
        "up":    { "uv": [ 8.499, 1.001, 8.001, 1.499 ], "texture": "#texture" },
        "south": { "uv": [ 8.499, 1.499, 8.001, 1.001 ], "texture": "#texture" },
        "west":  { "uv": [ 8.501, 1.001, 8.999, 1.499 ], "texture": "#texture" },
        "east":  { "uv": [ 7.999, 1.001, 7.501, 1.499 ], "texture": "#texture" }
    }
},
{
    "__comment": "Nathan1",
    "from": [ 7.875, 14.125, 8.5 ],
    "to": [ 8.125, 14.25, 8.75 ],
    "faces": {
        "down":  { "uv": [ 8.749, 2.249, 8.251, 1.751 ], "texture": "#texture" },
        "up":    { "uv": [ 8.749, 1.751, 8.251, 2.249 ], "texture": "#texture" },
        "south": { "uv": [ 8.749, 2.249, 8.251, 1.751 ], "texture": "#texture" },
        "west":  { "uv": [ 8.751, 1.751, 9.249, 2.249 ], "texture": "#texture" },
        "east":  { "uv": [ 8.249, 1.751, 7.751, 2.249 ], "texture": "#texture" }
    }
},
{
    "__comment": "Nathan1",
    "from": [ 7.875, 14.75, 8.5 ],
    "to": [ 8.125, 14.875, 8.75 ],
    "faces": {
        "down":  { "uv": [ 8.749, 1.624, 8.251, 1.126 ], "texture": "#texture" },
        "up":    { "uv": [ 8.749, 1.126, 8.251, 1.624 ], "texture": "#texture" },
        "south": { "uv": [ 8.749, 1.624, 8.251, 1.126 ], "texture": "#texture" },
        "west":  { "uv": [ 8.751, 1.126, 9.249, 1.624 ], "texture": "#texture" },
        "east":  { "uv": [ 8.249, 1.126, 7.751, 1.624 ], "texture": "#texture" }
    }
},
{
    "__comment": "Nathan1",
    "from": [ 7.875, 14.25, 8.625 ],
    "to": [ 8.125, 14.375, 9 ],
    "faces": {
        "down":  { "uv": [ 8.999, 2.124, 8.501, 1.626 ], "texture": "#texture" },
        "up":    { "uv": [ 8.999, 1.626, 8.501, 2.124 ], "texture": "#texture" },
        "south": { "uv": [ 8.999, 2.124, 8.501, 1.626 ], "texture": "#texture" },
        "west":  { "uv": [ 9.001, 1.626, 9.499, 2.124 ], "texture": "#texture" },
        "east":  { "uv": [ 8.499, 1.626, 8.001, 2.124 ], "texture": "#texture" }
    }
},
{
    "__comment": "Nathan1",
    "from": [ 7.875, 14.625, 8.625 ],
    "to": [ 8.125, 14.75, 9 ],
    "faces": {
        "down":  { "uv": [ 8.999, 1.749, 8.501, 1.251 ], "texture": "#texture" },
        "up":    { "uv": [ 8.999, 1.251, 8.501, 1.749 ], "texture": "#texture" },
        "south": { "uv": [ 8.999, 1.749, 8.501, 1.251 ], "texture": "#texture" },
        "west":  { "uv": [ 9.001, 1.251, 9.499, 1.749 ], "texture": "#texture" },
        "east":  { "uv": [ 8.499, 1.251, 8.001, 1.749 ], "texture": "#texture" }
    }
},
{
    "__comment": "Nathan1",
    "from": [ 7.875, 14.375, 8.875 ],
    "to": [ 8.125, 14.625, 9.125 ],
    "faces": {
        "down":  { "uv": [ 9.124, 1.874, 8.626, 1.376 ], "texture": "#texture" },
        "up":    { "uv": [ 9.124, 1.376, 8.626, 1.874 ], "texture": "#texture" },
        "south": { "uv": [ 9.124, 1.874, 8.626, 1.376 ], "texture": "#texture" },
        "west":  { "uv": [ 9.126, 1.376, 9.624, 1.874 ], "texture": "#texture" },
        "east":  { "uv": [ 8.624, 1.376, 8.126, 1.874 ], "texture": "#texture" }
    }
},
{
    "__comment": "Nathan1",
    "from": [ 7.875, 14.5, 9.125 ],
    "to": [ 8.125, 14.625, 9.25 ],
    "faces": {
        "down":  { "uv": [ 9.249, 1.874, 8.751, 1.376 ], "texture": "#texture" },
        "up":    { "uv": [ 9.249, 1.376, 8.751, 1.874 ], "texture": "#texture" },
        "south": { "uv": [ 9.249, 1.874, 8.751, 1.376 ], "texture": "#texture" },
        "west":  { "uv": [ 9.251, 1.376, 9.749, 1.874 ], "texture": "#texture" },
        "east":  { "uv": [ 8.749, 1.376, 8.251, 1.874 ], "texture": "#texture" }
    }
}
],
"display": {
    "firstperson_lefthand": {
        "rotation": [ 0, 100, -10 ],
        "translation": [ 0, 4, 2 ],
        "scale": [ 1, 1, 1 ]
    },
    "firstperson_righthand": {
        "rotation": [ 0, -100, 10 ],
        "translation": [ 0, 4, 2 ],
        "scale": [ 1, 1, 1 ]
    },
    "thirdperson_lefthand": {
        "rotation": [ 0, 90, 0 ],
        "translation": [ 0, 0.5, -0.4 ],
        "scale": [ 1, 1, 1 ]
    },
    "thirdperson_righthand": {
        "rotation": [ 0, -90, 0 ],
        "translation": [ 0, 0.5, -0.4 ],
        "scale": [ 1, 1, 1 ]
    },
    "thirdperson": {
        "rotation": [ -90, 0, 0 ],
        "translation": [ 0, 1, -3.1 ],
        "scale": [ 1, 1, 1 ]
    },
    "ground": {
        "rotation": [ 80, 0, 0 ],
        "translation": [ 0, 0, 0 ],
        "scale": [ 1, 1, 1 ]
    },
    "fixed": {
        "rotation": [ 0, 90, 0 ],
        "translation": [ 0, 0, 0 ],
        "scale": [ 2, 2, 2 ]
    },
    "firstperson": {
        "rotation": [ 0, -135, -10 ],
        "translation": [ 0, 4.3, 2 ],
        "scale": [ 2, 2, 2 ]
    },
    "gui": {
        "rotation": [ -14, 135, -44 ],
        "translation": [ 0, 0, 0 ],
        "scale": [ 2, 2, 2 ]
    }
}
}