{
"__comment": "Created by Droobledore with BDcraft Cubik PRO 0.95 Beta",
"ambientocclusion": false,
"textures": {
    "texture": "items/survivalwand3"
},
"elements": [ 
{
    "__comment": "Survivalwand3",
    "from": [ 7.375, 14, 8.875 ],
    "to": [ 7.75, 14.125, 9 ],
    "faces": {
        "down":  { "uv": [ 8.249, 2.249, 8.126, 2.126 ], "texture": "#texture" },
        "up":    { "uv": [ 7.751, 2.126, 7.874, 2.249 ], "texture": "#texture" },
        "north": { "uv": [ 7.126, 2.001, 7.249, 2.249 ], "texture": "#texture" },
        "south": { "uv": [ 6.751, 2.001, 6.874, 2.249 ], "texture": "#texture" },
        "west":  { "uv": [ 8.126, 2.001, 8.249, 2.249 ], "texture": "#texture" }
    }
},
{
    "__comment": "Survivalwand3",
    "from": [ 7.375, 14.625, 8.875 ],
    "to": [ 7.625, 14.75, 9 ],
    "faces": {
        "down":  { "uv": [ 5.249, 2.249, 5.126, 2.126 ], "texture": "#texture" },
        "up":    { "uv": [ 4.751, 2.126, 4.874, 2.249 ], "texture": "#texture" },
        "north": { "uv": [ 8.126, 2.001, 8.249, 2.249 ], "texture": "#texture" },
        "south": { "uv": [ 6.751, 2.001, 6.874, 2.249 ], "texture": "#texture" },
        "west":  { "uv": [ 9.126, 2.001, 9.249, 2.249 ], "texture": "#texture" },
        "east":  { "uv": [ 6.751, 2.001, 6.874, 2.249 ], "texture": "#texture" }
    }
},
{
    "__comment": "Survivalwand3",
    "from": [ 7.5, 14.25, 8.5 ],
    "to": [ 7.75, 14.375, 8.75 ],
    "faces": {
        "down":  { "uv": [ 8.249, 2.249, 8.126, 2.126 ], "texture": "#texture" },
        "up":    { "uv": [ 7.751, 2.126, 7.874, 2.249 ], "texture": "#texture" },
        "north": { "uv": [ 8.126, 2.001, 8.249, 2.249 ], "texture": "#texture" },
        "south": { "uv": [ 6.751, 2.001, 6.874, 2.249 ], "texture": "#texture" },
        "west":  { "uv": [ 9.126, 2.001, 9.249, 2.249 ], "texture": "#texture" }
    }
},
{
    "__comment": "Survivalwand3",
    "from": [ 7.5, 13.25, 8.625 ],
    "to": [ 7.75, 13.375, 9 ],
    "faces": {
        "down":  { "uv": [ 8.249, 2.249, 8.126, 2.126 ], "texture": "#texture" },
        "up":    { "uv": [ 7.751, 2.126, 7.874, 2.249 ], "texture": "#texture" },
        "north": { "uv": [ 7.126, 2.001, 7.249, 2.249 ], "texture": "#texture" },
        "south": { "uv": [ 6.751, 2.001, 6.874, 2.249 ], "texture": "#texture" },
        "west":  { "uv": [ 8.126, 2.001, 8.249, 2.249 ], "texture": "#texture" },
        "east":  { "uv": [ 5.751, 2.001, 5.874, 2.249 ], "texture": "#texture" }
    }
},
{
    "__comment": "Survivalwand3",
    "from": [ 7.5, 14.125, 8.625 ],
    "to": [ 7.625, 14.25, 9 ],
    "faces": {
        "down":  { "uv": [ 8.249, 2.249, 8.126, 2.126 ], "texture": "#texture" },
        "up":    { "uv": [ 7.751, 2.126, 7.874, 2.249 ], "texture": "#texture" },
        "north": { "uv": [ 8.126, 2.001, 8.249, 2.249 ], "texture": "#texture" },
        "south": { "uv": [ 6.751, 2.001, 6.874, 2.249 ], "texture": "#texture" },
        "west":  { "uv": [ 9.126, 2.001, 9.249, 2.249 ], "texture": "#texture" },
        "east":  { "uv": [ 6.751, 2.001, 6.874, 2.249 ], "texture": "#texture" }
    }
},
{
    "__comment": "Survivalwand3",
    "from": [ 7.5, 14.75, 8.625 ],
    "to": [ 7.625, 14.875, 9 ],
    "faces": {
        "down":  { "uv": [ 8.249, 2.249, 8.126, 2.126 ], "texture": "#texture" },
        "up":    { "uv": [ 7.751, 2.126, 7.874, 2.249 ], "texture": "#texture" },
        "north": { "uv": [ 8.126, 2.001, 8.249, 2.249 ], "texture": "#texture" },
        "south": { "uv": [ 6.751, 2.001, 6.874, 2.249 ], "texture": "#texture" },
        "west":  { "uv": [ 9.126, 2.001, 9.249, 2.249 ], "texture": "#texture" },
        "east":  { "uv": [ 6.751, 2.001, 6.874, 2.249 ], "texture": "#texture" }
    }
},
{
    "__comment": "Survivalwand3",
    "from": [ 7.5, 13.375, 8.75 ],
    "to": [ 7.75, 13.5, 8.875 ],
    "faces": {
        "up":    { "uv": [ 7.751, 2.126, 7.874, 2.249 ], "texture": "#texture" },
        "north": { "uv": [ 7.126, 2.001, 7.249, 2.249 ], "texture": "#texture" },
        "south": { "uv": [ 6.751, 2.001, 6.874, 2.249 ], "texture": "#texture" },
        "west":  { "uv": [ 8.126, 2.001, 8.249, 2.249 ], "texture": "#texture" }
    }
},
{
    "__comment": "Survivalwand3",
    "from": [ 7.5, 14, 8.75 ],
    "to": [ 7.75, 14.125, 8.875 ],
    "faces": {
        "down":  { "uv": [ 8.249, 2.249, 8.126, 2.126 ], "texture": "#texture" },
        "up":    { "uv": [ 7.751, 2.126, 7.874, 2.249 ], "texture": "#texture" },
        "north": { "uv": [ 7.126, 2.001, 7.249, 2.249 ], "texture": "#texture" },
        "west":  { "uv": [ 8.126, 2.001, 8.249, 2.249 ], "texture": "#texture" },
        "east":  { "uv": [ 5.751, 2.001, 5.874, 2.249 ], "texture": "#texture" }
    }
},
{
    "__comment": "Survivalwand3",
    "from": [ 7.5, 14.625, 8.75 ],
    "to": [ 7.625, 14.75, 8.875 ],
    "faces": {
        "down":  { "uv": [ 8.249, 2.249, 8.126, 2.126 ], "texture": "#texture" },
        "north": { "uv": [ 8.126, 2.001, 8.249, 2.249 ], "texture": "#texture" },
        "west":  { "uv": [ 9.126, 2.001, 9.249, 2.249 ], "texture": "#texture" },
        "east":  { "uv": [ 6.751, 2.001, 6.874, 2.249 ], "texture": "#texture" }
    }
},
{
    "__comment": "Survivalwand3",
    "from": [ 7.5, 13.125, 8.875 ],
    "to": [ 7.75, 13.25, 9 ],
    "faces": {
        "down":  { "uv": [ 8.249, 2.249, 8.126, 2.126 ], "texture": "#texture" },
        "north": { "uv": [ 7.126, 2.001, 7.249, 2.249 ], "texture": "#texture" },
        "south": { "uv": [ 6.751, 2.001, 6.874, 2.249 ], "texture": "#texture" },
        "west":  { "uv": [ 8.126, 2.001, 8.249, 2.249 ], "texture": "#texture" },
        "east":  { "uv": [ 5.751, 2.001, 5.874, 2.249 ], "texture": "#texture" }
    }
},
{
    "__comment": "Survivalwand3",
    "from": [ 7.5, 13.875, 9 ],
    "to": [ 7.75, 14, 9.25 ],
    "faces": {
        "down":  { "uv": [ 8.249, 2.249, 8.126, 2.126 ], "texture": "#texture" },
        "up":    { "uv": [ 7.751, 2.126, 7.874, 2.249 ], "texture": "#texture" },
        "north": { "uv": [ 7.126, 2.001, 7.249, 2.249 ], "texture": "#texture" },
        "south": { "uv": [ 6.751, 2.001, 6.874, 2.249 ], "texture": "#texture" },
        "west":  { "uv": [ 8.126, 2.001, 8.249, 2.249 ], "texture": "#texture" },
        "east":  { "uv": [ 5.751, 2.001, 5.874, 2.249 ], "texture": "#texture" }
    }
},
{
    "__comment": "Survivalwand3",
    "from": [ 7.5, 14, 9 ],
    "to": [ 7.75, 14.125, 9.125 ],
    "faces": {
        "up":    { "uv": [ 7.751, 2.126, 7.874, 2.249 ], "texture": "#texture" },
        "south": { "uv": [ 6.751, 2.001, 6.874, 2.249 ], "texture": "#texture" },
        "west":  { "uv": [ 8.126, 2.001, 8.249, 2.249 ], "texture": "#texture" }
    }
},
{
    "__comment": "Survivalwand3",
    "from": [ 7.5, 14.5, 9 ],
    "to": [ 7.75, 14.625, 9.25 ],
    "faces": {
        "down":  { "uv": [ 5.249, 2.249, 5.126, 2.126 ], "texture": "#texture" },
        "up":    { "uv": [ 4.751, 2.126, 4.874, 2.249 ], "texture": "#texture" },
        "north": { "uv": [ 8.126, 2.001, 8.249, 2.249 ], "texture": "#texture" },
        "south": { "uv": [ 6.751, 2.001, 6.874, 2.249 ], "texture": "#texture" },
        "west":  { "uv": [ 9.126, 2.001, 9.249, 2.249 ], "texture": "#texture" },
        "east":  { "uv": [ 6.751, 2.001, 6.874, 2.249 ], "texture": "#texture" }
    }
},
{
    "__comment": "Survivalwand3",
    "from": [ 7.5, 14.625, 9 ],
    "to": [ 7.75, 14.75, 9.125 ],
    "faces": {
        "up":    { "uv": [ 4.751, 2.126, 4.874, 2.249 ], "texture": "#texture" },
        "north": { "uv": [ 8.126, 2.001, 8.249, 2.249 ], "texture": "#texture" },
        "south": { "uv": [ 6.751, 2.001, 6.874, 2.249 ], "texture": "#texture" },
        "west":  { "uv": [ 9.126, 2.001, 9.249, 2.249 ], "texture": "#texture" },
        "east":  { "uv": [ 6.751, 2.001, 6.874, 2.249 ], "texture": "#texture" }
    }
},
{
    "__comment": "Survivalwand3",
    "from": [ 7.625, 13.875, 8.8 ],
    "to": [ 8.375, 14.625, 8.925 ],
    "faces": {
        "down":  { "uv": [ 15.499, 2.999, 15.126, 2.751 ], "texture": "#texture" },
        "up":    { "uv": [ 15.251, 1.501, 15.624, 1.749 ], "texture": "#texture" },
        "north": { "uv": [ 15.001, 1.251, 15.374, 1.874 ], "texture": "#texture" },
        "south": { "uv": [ 14.751, 2.001, 15.124, 2.624 ], "texture": "#texture" },
        "west":  { "uv": [ 15.001, 1.251, 15.249, 1.874 ], "texture": "#texture" },
        "east":  { "uv": [ 15.251, 1.751, 15.499, 2.374 ], "texture": "#texture" }
    }
},
{
    "__comment": "Survivalwand3",
    "from": [ 7.625, 13.375, 8.5 ],
    "to": [ 7.875, 13.5, 8.75 ],
    "faces": {
        "down":  { "uv": [ 8.249, 2.249, 8.126, 2.126 ], "texture": "#texture" },
        "up":    { "uv": [ 7.751, 2.126, 7.874, 2.249 ], "texture": "#texture" },
        "north": { "uv": [ 7.126, 2.001, 7.249, 2.249 ], "texture": "#texture" },
        "south": { "uv": [ 6.751, 2.001, 6.874, 2.249 ], "texture": "#texture" },
        "west":  { "uv": [ 8.126, 2.001, 8.249, 2.249 ], "texture": "#texture" },
        "east":  { "uv": [ 5.751, 2.001, 5.874, 2.249 ], "texture": "#texture" }
    }
},
{
    "__comment": "Survivalwand3",
    "from": [ 7.625, 13.5, 8.5 ],
    "to": [ 8, 13.625, 8.625 ],
    "faces": {
        "down":  { "uv": [ 8.249, 2.249, 8.126, 2.126 ], "texture": "#texture" },
        "up":    { "uv": [ 7.751, 2.126, 7.874, 2.249 ], "texture": "#texture" },
        "north": { "uv": [ 8.126, 2.001, 8.249, 2.249 ], "texture": "#texture" },
        "south": { "uv": [ 6.751, 2.001, 6.874, 2.249 ], "texture": "#texture" },
        "west":  { "uv": [ 9.126, 2.001, 9.249, 2.249 ], "texture": "#texture" },
        "east":  { "uv": [ 6.751, 2.001, 6.874, 2.249 ], "texture": "#texture" }
    }
},
{
    "__comment": "Survivalwand3",
    "from": [ 7.625, 14.125, 8.5 ],
    "to": [ 7.75, 14.25, 8.875 ],
    "faces": {
        "down":  { "uv": [ 8.249, 2.249, 8.126, 2.126 ], "texture": "#texture" },
        "up":    { "uv": [ 7.751, 2.126, 7.874, 2.249 ], "texture": "#texture" },
        "north": { "uv": [ 8.126, 2.001, 8.249, 2.249 ], "texture": "#texture" },
        "south": { "uv": [ 6.751, 2.001, 6.874, 2.249 ], "texture": "#texture" },
        "west":  { "uv": [ 9.126, 2.001, 9.249, 2.249 ], "texture": "#texture" },
        "east":  { "uv": [ 6.751, 2.001, 6.874, 2.249 ], "texture": "#texture" }
    }
},
{
    "__comment": "Survivalwand3",
    "from": [ 7.625, 14.875, 8.5 ],
    "to": [ 7.875, 15, 8.75 ],
    "faces": {
        "down":  { "uv": [ 5.249, 2.249, 5.126, 2.126 ], "texture": "#texture" },
        "up":    { "uv": [ 4.751, 2.126, 4.874, 2.249 ], "texture": "#texture" },
        "north": { "uv": [ 8.126, 2.001, 8.249, 2.249 ], "texture": "#texture" },
        "south": { "uv": [ 6.751, 2.001, 6.874, 2.249 ], "texture": "#texture" },
        "west":  { "uv": [ 9.126, 2.001, 9.249, 2.249 ], "texture": "#texture" },
        "east":  { "uv": [ 6.751, 2.001, 6.874, 2.249 ], "texture": "#texture" }
    }
},
{
    "__comment": "Survivalwand3",
    "from": [ 7.625, 14.75, 8.625 ],
    "to": [ 7.75, 14.875, 8.875 ],
    "faces": {
        "down":  { "uv": [ 8.249, 2.249, 8.126, 2.126 ], "texture": "#texture" },
        "up":    { "uv": [ 7.751, 2.126, 7.874, 2.249 ], "texture": "#texture" },
        "north": { "uv": [ 8.126, 2.001, 8.249, 2.249 ], "texture": "#texture" },
        "south": { "uv": [ 6.751, 2.001, 6.874, 2.249 ], "texture": "#texture" },
        "east":  { "uv": [ 6.751, 2.001, 6.874, 2.249 ], "texture": "#texture" }
    }
},
{
    "__comment": "Survivalwand3",
    "from": [ 7.625, 13.875, 8.875 ],
    "to": [ 7.75, 14, 9 ],
    "faces": {
        "down":  { "uv": [ 8.249, 2.249, 8.126, 2.126 ], "texture": "#texture" },
        "west":  { "uv": [ 8.126, 2.001, 8.249, 2.249 ], "texture": "#texture" }
    }
},
{
    "__comment": "Survivalwand3",
    "from": [ 7.625, 13, 9 ],
    "to": [ 7.75, 13.125, 9.25 ],
    "faces": {
        "down":  { "uv": [ 5.249, 2.249, 5.126, 2.126 ], "texture": "#texture" },
        "up":    { "uv": [ 4.751, 2.126, 4.874, 2.249 ], "texture": "#texture" },
        "north": { "uv": [ 8.126, 2.001, 8.249, 2.249 ], "texture": "#texture" },
        "south": { "uv": [ 6.751, 2.001, 6.874, 2.249 ], "texture": "#texture" },
        "west":  { "uv": [ 9.126, 2.001, 9.249, 2.249 ], "texture": "#texture" },
        "east":  { "uv": [ 6.751, 2.001, 6.874, 2.249 ], "texture": "#texture" }
    }
},
{
    "__comment": "Survivalwand3",
    "from": [ 7.625, 13.125, 9 ],
    "to": [ 7.875, 13.25, 9.125 ],
    "faces": {
        "down":  { "uv": [ 5.249, 2.249, 5.126, 2.126 ], "texture": "#texture" },
        "up":    { "uv": [ 4.751, 2.126, 4.874, 2.249 ], "texture": "#texture" },
        "north": { "uv": [ 8.126, 2.001, 8.249, 2.249 ], "texture": "#texture" },
        "south": { "uv": [ 6.751, 2.001, 6.874, 2.249 ], "texture": "#texture" },
        "west":  { "uv": [ 9.126, 2.001, 9.249, 2.249 ], "texture": "#texture" },
        "east":  { "uv": [ 6.751, 2.001, 6.874, 2.249 ], "texture": "#texture" }
    }
},
{
    "__comment": "Survivalwand3",
    "from": [ 7.625, 13.75, 9.25 ],
    "to": [ 7.875, 14, 9.375 ],
    "faces": {
        "down":  { "uv": [ 8.249, 2.249, 8.126, 2.126 ], "texture": "#texture" },
        "up":    { "uv": [ 7.751, 2.126, 7.874, 2.249 ], "texture": "#texture" },
        "north": { "uv": [ 7.126, 2.001, 7.249, 2.249 ], "texture": "#texture" },
        "south": { "uv": [ 6.751, 2.001, 6.874, 2.249 ], "texture": "#texture" },
        "west":  { "uv": [ 8.126, 2.001, 8.249, 2.249 ], "texture": "#texture" },
        "east":  { "uv": [ 5.751, 2.001, 5.874, 2.249 ], "texture": "#texture" }
    }
},
{
    "__comment": "Survivalwand3",
    "from": [ 7.625, 14.375, 9.25 ],
    "to": [ 7.875, 14.625, 9.375 ],
    "faces": {
        "down":  { "uv": [ 8.249, 2.249, 8.126, 2.126 ], "texture": "#texture" },
        "up":    { "uv": [ 7.751, 2.126, 7.874, 2.249 ], "texture": "#texture" },
        "north": { "uv": [ 8.126, 2.001, 8.249, 2.249 ], "texture": "#texture" },
        "south": { "uv": [ 6.751, 2.001, 6.874, 2.249 ], "texture": "#texture" },
        "west":  { "uv": [ 9.126, 2.001, 9.249, 2.249 ], "texture": "#texture" },
        "east":  { "uv": [ 6.751, 2.001, 6.874, 2.249 ], "texture": "#texture" }
    }
},
{
    "__comment": "Survivalwand3",
    "from": [ 7.75, 14, 8.55 ],
    "to": [ 8.125, 14.625, 8.8 ],
    "faces": {
        "down":  { "uv": [ 15.499, 2.999, 15.126, 2.751 ], "texture": "#texture" },
        "up":    { "uv": [ 15.251, 1.501, 15.624, 1.749 ], "texture": "#texture" },
        "north": { "uv": [ 15.001, 1.251, 15.374, 1.874 ], "texture": "#texture" },
        "south": { "uv": [ 14.751, 2.001, 15.124, 2.624 ], "texture": "#texture" },
        "west":  { "uv": [ 15.001, 1.251, 15.249, 1.874 ], "texture": "#texture" },
        "east":  { "uv": [ 15.251, 1.751, 15.499, 2.374 ], "texture": "#texture" }
    }
},
{
    "__comment": "Survivalwand3",
    "from": [ 7.75, 13.25, 8.675 ],
    "to": [ 8.125, 13.875, 8.925 ],
    "faces": {
        "down":  { "uv": [ 15.499, 2.999, 15.126, 2.751 ], "texture": "#texture" },
        "up":    { "uv": [ 15.251, 1.501, 15.624, 1.749 ], "texture": "#texture" },
        "north": { "uv": [ 15.001, 1.251, 15.374, 1.874 ], "texture": "#texture" },
        "south": { "uv": [ 14.751, 2.001, 15.124, 2.624 ], "texture": "#texture" },
        "west":  { "uv": [ 15.001, 1.251, 15.249, 1.874 ], "texture": "#texture" },
        "east":  { "uv": [ 15.251, 1.751, 15.499, 2.374 ], "texture": "#texture" }
    }
},
{
    "__comment": "Survivalwand3",
    "from": [ 7.75, 13.875, 8.675 ],
    "to": [ 8.25, 14, 8.8 ],
    "faces": {
        "down":  { "uv": [ 15.499, 2.999, 15.126, 2.751 ], "texture": "#texture" },
        "up":    { "uv": [ 15.251, 1.501, 15.624, 1.749 ], "texture": "#texture" },
        "north": { "uv": [ 15.001, 1.251, 15.374, 1.874 ], "texture": "#texture" },
        "south": { "uv": [ 14.751, 2.001, 15.124, 2.624 ], "texture": "#texture" },
        "west":  { "uv": [ 15.001, 1.251, 15.249, 1.874 ], "texture": "#texture" }
    }
},
{
    "__comment": "Survivalwand3",
    "from": [ 7.75, 14.625, 8.675 ],
    "to": [ 8.25, 14.75, 9.05 ],
    "faces": {
        "down":  { "uv": [ 15.499, 2.999, 15.126, 2.751 ], "texture": "#texture" },
        "up":    { "uv": [ 15.251, 1.501, 15.624, 1.749 ], "texture": "#texture" },
        "north": { "uv": [ 15.001, 1.251, 15.374, 1.874 ], "texture": "#texture" },
        "south": { "uv": [ 14.751, 2.001, 15.124, 2.624 ], "texture": "#texture" },
        "west":  { "uv": [ 15.001, 1.251, 15.249, 1.874 ], "texture": "#texture" },
        "east":  { "uv": [ 15.251, 1.751, 15.499, 2.374 ], "texture": "#texture" }
    }
},
{
    "__comment": "Survivalwand3",
    "from": [ 7.75, 13.125, 8.8 ],
    "to": [ 8.25, 13.25, 8.925 ],
    "faces": {
        "down":  { "uv": [ 15.499, 2.999, 15.126, 2.751 ], "texture": "#texture" },
        "up":    { "uv": [ 15.251, 1.501, 15.624, 1.749 ], "texture": "#texture" },
        "north": { "uv": [ 15.001, 1.251, 15.374, 1.874 ], "texture": "#texture" },
        "south": { "uv": [ 14.751, 2.001, 15.124, 2.624 ], "texture": "#texture" },
        "west":  { "uv": [ 15.001, 1.251, 15.249, 1.874 ], "texture": "#texture" },
        "east":  { "uv": [ 15.251, 1.751, 15.499, 2.374 ], "texture": "#texture" }
    }
},
{
    "__comment": "Survivalwand3",
    "from": [ 7.75, 14.75, 8.8 ],
    "to": [ 8.25, 14.875, 8.925 ],
    "faces": {
        "up":    { "uv": [ 15.251, 1.501, 15.624, 1.749 ], "texture": "#texture" },
        "north": { "uv": [ 15.001, 1.251, 15.374, 1.874 ], "texture": "#texture" },
        "south": { "uv": [ 14.751, 2.001, 15.124, 2.624 ], "texture": "#texture" },
        "west":  { "uv": [ 15.001, 1.251, 15.249, 1.874 ], "texture": "#texture" },
        "east":  { "uv": [ 15.251, 1.751, 15.499, 2.374 ], "texture": "#texture" }
    }
},
{
    "__comment": "Survivalwand3",
    "from": [ 7.75, 13.375, 8.925 ],
    "to": [ 8.25, 14.625, 9.05 ],
    "faces": {
        "down":  { "uv": [ 15.499, 2.999, 15.126, 2.751 ], "texture": "#texture" },
        "up":    { "uv": [ 15.251, 1.501, 15.624, 1.749 ], "texture": "#texture" },
        "north": { "uv": [ 15.001, 1.251, 15.374, 1.874 ], "texture": "#texture" },
        "south": { "uv": [ 14.751, 2.001, 15.124, 2.624 ], "texture": "#texture" },
        "west":  { "uv": [ 15.001, 1.251, 15.249, 1.874 ], "texture": "#texture" },
        "east":  { "uv": [ 15.251, 1.751, 15.499, 2.374 ], "texture": "#texture" }
    }
},
{
    "__comment": "Survivalwand3",
    "from": [ 7.75, 14, 9.05 ],
    "to": [ 8.125, 14.625, 9.175 ],
    "faces": {
        "down":  { "uv": [ 15.499, 2.999, 15.126, 2.751 ], "texture": "#texture" },
        "up":    { "uv": [ 15.251, 1.501, 15.624, 1.749 ], "texture": "#texture" },
        "north": { "uv": [ 15.001, 1.251, 15.374, 1.874 ], "texture": "#texture" },
        "south": { "uv": [ 14.751, 2.001, 15.124, 2.624 ], "texture": "#texture" },
        "west":  { "uv": [ 15.001, 1.251, 15.249, 1.874 ], "texture": "#texture" },
        "east":  { "uv": [ 15.251, 1.751, 15.499, 2.374 ], "texture": "#texture" }
    }
},
{
    "__comment": "Survivalwand3",
    "from": [ 7.75, 13.5, 8.375 ],
    "to": [ 8.125, 13.625, 8.5 ],
    "faces": {
        "down":  { "uv": [ 8.249, 2.249, 8.126, 2.126 ], "texture": "#texture" },
        "up":    { "uv": [ 7.751, 2.126, 7.874, 2.249 ], "texture": "#texture" },
        "north": { "uv": [ 8.126, 2.001, 8.249, 2.249 ], "texture": "#texture" },
        "south": { "uv": [ 6.751, 2.001, 6.874, 2.249 ], "texture": "#texture" },
        "west":  { "uv": [ 9.126, 2.001, 9.249, 2.249 ], "texture": "#texture" },
        "east":  { "uv": [ 6.751, 2.001, 6.874, 2.249 ], "texture": "#texture" }
    }
},
{
    "__comment": "Survivalwand3",
    "from": [ 7.75, 14.25, 8.375 ],
    "to": [ 7.875, 14.5, 8.625 ],
    "faces": {
        "down":  { "uv": [ 8.249, 2.249, 8.126, 2.126 ], "texture": "#texture" },
        "up":    { "uv": [ 7.751, 2.126, 7.874, 2.249 ], "texture": "#texture" },
        "north": { "uv": [ 8.126, 2.001, 8.249, 2.249 ], "texture": "#texture" },
        "south": { "uv": [ 6.751, 2.001, 6.874, 2.249 ], "texture": "#texture" },
        "west":  { "uv": [ 9.126, 2.001, 9.249, 2.249 ], "texture": "#texture" },
        "east":  { "uv": [ 6.751, 2.001, 6.874, 2.249 ], "texture": "#texture" }
    }
},
{
    "__comment": "Survivalwand3",
    "from": [ 7.75, 15, 8.5 ],
    "to": [ 8, 15.125, 8.75 ],
    "faces": {
        "down":  { "uv": [ 5.249, 2.249, 5.126, 2.126 ], "texture": "#texture" },
        "up":    { "uv": [ 4.751, 2.126, 4.874, 2.249 ], "texture": "#texture" },
        "north": { "uv": [ 8.126, 2.001, 8.249, 2.249 ], "texture": "#texture" },
        "south": { "uv": [ 6.751, 2.001, 6.874, 2.249 ], "texture": "#texture" },
        "west":  { "uv": [ 9.126, 2.001, 9.249, 2.249 ], "texture": "#texture" },
        "east":  { "uv": [ 6.751, 2.001, 6.874, 2.249 ], "texture": "#texture" }
    }
},
{
    "__comment": "Survivalwand3",
    "from": [ 7.75, 0.625, 8.75 ],
    "to": [ 8.25, 0.875, 9 ],
    "faces": {
        "down":  { "uv": [ 8.249, 9.499, 7.751, 9.251 ], "texture": "#texture" },
        "up":    { "uv": [ 7.751, 9.001, 8.249, 9.249 ], "texture": "#texture" },
        "north": { "uv": [ 7.751, 15.126, 8.249, 15.374 ], "texture": "#texture" },
        "south": { "uv": [ 7.751, 15.126, 8.249, 15.374 ], "texture": "#texture" },
        "west":  { "uv": [ 8.751, 15.126, 8.999, 15.374 ], "texture": "#texture" },
        "east":  { "uv": [ 7.001, 15.126, 7.249, 15.374 ], "texture": "#texture" }
    }
},
{
    "__comment": "Survivalwand3",
    "from": [ 7.75, 6.625, 8.75 ],
    "to": [ 8.25, 6.875, 9 ],
    "faces": {
        "down":  { "uv": [ 8.249, 9.499, 7.751, 9.251 ], "texture": "#texture" },
        "up":    { "uv": [ 7.751, 9.001, 8.249, 9.249 ], "texture": "#texture" },
        "north": { "uv": [ 7.751, 9.126, 8.249, 9.374 ], "texture": "#texture" },
        "south": { "uv": [ 7.751, 9.126, 8.249, 9.374 ], "texture": "#texture" },
        "west":  { "uv": [ 8.751, 9.126, 8.999, 9.374 ], "texture": "#texture" },
        "east":  { "uv": [ 7.001, 9.126, 7.249, 9.374 ], "texture": "#texture" }
    }
},
{
    "__comment": "Survivalwand3",
    "from": [ 7.75, 12, 8.75 ],
    "to": [ 8.125, 12.125, 9 ],
    "faces": {
        "down":  { "uv": [ 8.249, 9.499, 7.876, 9.251 ], "texture": "#texture" },
        "up":    { "uv": [ 7.751, 9.001, 8.124, 9.249 ], "texture": "#texture" },
        "north": { "uv": [ 7.876, 4.126, 8.249, 4.249 ], "texture": "#texture" },
        "south": { "uv": [ 7.751, 4.126, 8.124, 4.249 ], "texture": "#texture" },
        "west":  { "uv": [ 8.751, 4.126, 8.999, 4.249 ], "texture": "#texture" },
        "east":  { "uv": [ 7.001, 4.126, 7.249, 4.249 ], "texture": "#texture" }
    }
},
{
    "__comment": "Survivalwand3",
    "from": [ 7.75, 12.875, 9 ],
    "to": [ 8, 13, 9.25 ],
    "faces": {
        "down":  { "uv": [ 8.249, 2.249, 8.126, 2.126 ], "texture": "#texture" },
        "up":    { "uv": [ 7.751, 2.126, 7.874, 2.249 ], "texture": "#texture" },
        "north": { "uv": [ 8.126, 2.001, 8.249, 2.249 ], "texture": "#texture" },
        "south": { "uv": [ 6.751, 2.001, 6.874, 2.249 ], "texture": "#texture" },
        "west":  { "uv": [ 9.126, 2.001, 9.249, 2.249 ], "texture": "#texture" },
        "east":  { "uv": [ 6.751, 2.001, 6.874, 2.249 ], "texture": "#texture" }
    }
},
{
    "__comment": "Survivalwand3",
    "from": [ 7.75, 13, 9 ],
    "to": [ 7.875, 13.125, 9.125 ],
    "faces": {
        "north": { "uv": [ 8.126, 2.001, 8.249, 2.249 ], "texture": "#texture" },
        "south": { "uv": [ 6.751, 2.001, 6.874, 2.249 ], "texture": "#texture" },
        "east":  { "uv": [ 6.751, 2.001, 6.874, 2.249 ], "texture": "#texture" }
    }
},
{
    "__comment": "Survivalwand3",
    "from": [ 7.75, 13.75, 9.125 ],
    "to": [ 7.875, 14, 9.25 ],
    "faces": {
        "down":  { "uv": [ 8.249, 2.249, 8.126, 2.126 ], "texture": "#texture" },
        "up":    { "uv": [ 7.751, 2.126, 7.874, 2.249 ], "texture": "#texture" },
        "north": { "uv": [ 7.126, 2.001, 7.249, 2.249 ], "texture": "#texture" },
        "west":  { "uv": [ 8.126, 2.001, 8.249, 2.249 ], "texture": "#texture" },
        "east":  { "uv": [ 5.751, 2.001, 5.874, 2.249 ], "texture": "#texture" }
    }
},
{
    "__comment": "Survivalwand3",
    "from": [ 7.75, 14.375, 9.125 ],
    "to": [ 7.875, 14.625, 9.25 ],
    "faces": {
        "down":  { "uv": [ 5.249, 2.249, 5.126, 2.126 ], "texture": "#texture" },
        "up":    { "uv": [ 4.751, 2.126, 4.874, 2.249 ], "texture": "#texture" },
        "west":  { "uv": [ 9.126, 2.001, 9.249, 2.249 ], "texture": "#texture" },
        "east":  { "uv": [ 6.751, 2.001, 6.874, 2.249 ], "texture": "#texture" }
    }
},
{
    "__comment": "Survivalwand3",
    "from": [ 7.875, 13.625, 8.55 ],
    "to": [ 8.125, 14, 8.675 ],
    "faces": {
        "down":  { "uv": [ 15.499, 2.999, 15.126, 2.751 ], "texture": "#texture" },
        "north": { "uv": [ 15.001, 1.251, 15.374, 1.874 ], "texture": "#texture" },
        "south": { "uv": [ 14.751, 2.001, 15.124, 2.624 ], "texture": "#texture" },
        "west":  { "uv": [ 15.001, 1.251, 15.249, 1.874 ], "texture": "#texture" },
        "east":  { "uv": [ 15.251, 1.751, 15.499, 2.374 ], "texture": "#texture" }
    }
},
{
    "__comment": "Survivalwand3",
    "from": [ 7.875, 14.625, 8.55 ],
    "to": [ 8.125, 14.75, 8.675 ],
    "faces": {
        "up":    { "uv": [ 15.251, 1.501, 15.624, 1.749 ], "texture": "#texture" },
        "north": { "uv": [ 15.001, 1.251, 15.374, 1.874 ], "texture": "#texture" },
        "south": { "uv": [ 14.751, 2.001, 15.124, 2.624 ], "texture": "#texture" },
        "west":  { "uv": [ 15.001, 1.251, 15.249, 1.874 ], "texture": "#texture" },
        "east":  { "uv": [ 15.251, 1.751, 15.499, 2.374 ], "texture": "#texture" }
    }
},
{
    "__comment": "Survivalwand3",
    "from": [ 7.875, 13.125, 8.675 ],
    "to": [ 8.125, 13.25, 8.8 ],
    "faces": {
        "down":  { "uv": [ 15.499, 2.999, 15.126, 2.751 ], "texture": "#texture" },
        "north": { "uv": [ 15.001, 1.251, 15.374, 1.874 ], "texture": "#texture" },
        "south": { "uv": [ 14.751, 2.001, 15.124, 2.624 ], "texture": "#texture" },
        "west":  { "uv": [ 15.001, 1.251, 15.249, 1.874 ], "texture": "#texture" },
        "east":  { "uv": [ 15.251, 1.751, 15.499, 2.374 ], "texture": "#texture" }
    }
},
{
    "__comment": "Survivalwand3",
    "from": [ 7.875, 14.75, 8.675 ],
    "to": [ 8.125, 15, 8.8 ],
    "faces": {
        "up":    { "uv": [ 15.251, 1.501, 15.624, 1.749 ], "texture": "#texture" },
        "north": { "uv": [ 15.001, 1.251, 15.374, 1.874 ], "texture": "#texture" },
        "south": { "uv": [ 14.751, 2.001, 15.124, 2.624 ], "texture": "#texture" },
        "west":  { "uv": [ 15.001, 1.251, 15.249, 1.874 ], "texture": "#texture" },
        "east":  { "uv": [ 15.251, 1.751, 15.499, 2.374 ], "texture": "#texture" }
    }
},
{
    "__comment": "Survivalwand3",
    "from": [ 7.875, 13, 8.8 ],
    "to": [ 8.125, 13.125, 8.925 ],
    "faces": {
        "down":  { "uv": [ 15.499, 2.999, 15.126, 2.751 ], "texture": "#texture" },
        "up":    { "uv": [ 15.251, 1.501, 15.624, 1.749 ], "texture": "#texture" },
        "north": { "uv": [ 15.001, 1.251, 15.374, 1.874 ], "texture": "#texture" },
        "south": { "uv": [ 14.751, 2.001, 15.124, 2.624 ], "texture": "#texture" },
        "west":  { "uv": [ 15.001, 1.251, 15.249, 1.874 ], "texture": "#texture" },
        "east":  { "uv": [ 15.251, 1.751, 15.499, 2.374 ], "texture": "#texture" }
    }
},
{
    "__comment": "Survivalwand3",
    "from": [ 7.875, 14.875, 8.8 ],
    "to": [ 8.125, 15, 9.05 ],
    "faces": {
        "down":  { "uv": [ 15.499, 2.999, 15.126, 2.751 ], "texture": "#texture" },
        "up":    { "uv": [ 15.251, 1.501, 15.624, 1.749 ], "texture": "#texture" },
        "north": { "uv": [ 15.001, 1.251, 15.374, 1.874 ], "texture": "#texture" },
        "south": { "uv": [ 14.751, 2.001, 15.124, 2.624 ], "texture": "#texture" },
        "west":  { "uv": [ 15.001, 1.251, 15.249, 1.874 ], "texture": "#texture" },
        "east":  { "uv": [ 15.251, 1.751, 15.499, 2.374 ], "texture": "#texture" }
    }
},
{
    "__comment": "Survivalwand3",
    "from": [ 7.875, 15, 8.8 ],
    "to": [ 8, 15.125, 8.925 ],
    "faces": {
        "up":    { "uv": [ 15.251, 1.501, 15.624, 1.749 ], "texture": "#texture" },
        "north": { "uv": [ 15.001, 1.251, 15.374, 1.874 ], "texture": "#texture" },
        "south": { "uv": [ 14.751, 2.001, 15.124, 2.624 ], "texture": "#texture" },
        "west":  { "uv": [ 15.001, 1.251, 15.249, 1.874 ], "texture": "#texture" },
        "east":  { "uv": [ 15.251, 1.751, 15.499, 2.374 ], "texture": "#texture" }
    }
},
{
    "__comment": "Survivalwand3",
    "from": [ 7.875, 13.125, 8.925 ],
    "to": [ 8.125, 13.375, 9.05 ],
    "faces": {
        "down":  { "uv": [ 15.499, 2.999, 15.126, 2.751 ], "texture": "#texture" },
        "up":    { "uv": [ 15.251, 1.501, 15.624, 1.749 ], "texture": "#texture" },
        "north": { "uv": [ 15.001, 1.251, 15.374, 1.874 ], "texture": "#texture" },
        "south": { "uv": [ 14.751, 2.001, 15.124, 2.624 ], "texture": "#texture" },
        "west":  { "uv": [ 15.001, 1.251, 15.249, 1.874 ], "texture": "#texture" },
        "east":  { "uv": [ 15.251, 1.751, 15.499, 2.374 ], "texture": "#texture" }
    }
},
{
    "__comment": "Survivalwand3",
    "from": [ 7.875, 14.75, 8.925 ],
    "to": [ 8.125, 14.875, 9.05 ],
    "faces": {
        "down":  { "uv": [ 15.499, 2.999, 15.126, 2.751 ], "texture": "#texture" },
        "up":    { "uv": [ 15.251, 1.501, 15.624, 1.749 ], "texture": "#texture" },
        "north": { "uv": [ 15.001, 1.251, 15.374, 1.874 ], "texture": "#texture" },
        "south": { "uv": [ 14.751, 2.001, 15.124, 2.624 ], "texture": "#texture" },
        "west":  { "uv": [ 15.001, 1.251, 15.249, 1.874 ], "texture": "#texture" },
        "east":  { "uv": [ 15.251, 1.751, 15.499, 2.374 ], "texture": "#texture" }
    }
},
{
    "__comment": "Survivalwand3",
    "from": [ 7.875, 13.625, 9.05 ],
    "to": [ 8.125, 14, 9.175 ],
    "faces": {
        "down":  { "uv": [ 15.499, 2.999, 15.126, 2.751 ], "texture": "#texture" },
        "up":    { "uv": [ 15.251, 1.501, 15.624, 1.749 ], "texture": "#texture" },
        "north": { "uv": [ 15.001, 1.251, 15.374, 1.874 ], "texture": "#texture" },
        "south": { "uv": [ 14.751, 2.001, 15.124, 2.624 ], "texture": "#texture" },
        "west":  { "uv": [ 15.001, 1.251, 15.249, 1.874 ], "texture": "#texture" },
        "east":  { "uv": [ 15.251, 1.751, 15.499, 2.374 ], "texture": "#texture" }
    }
},
{
    "__comment": "Survivalwand3",
    "from": [ 7.875, 14.625, 9.05 ],
    "to": [ 8.125, 14.75, 9.175 ],
    "faces": {
        "down":  { "uv": [ 15.499, 2.999, 15.126, 2.751 ], "texture": "#texture" },
        "up":    { "uv": [ 15.251, 1.501, 15.624, 1.749 ], "texture": "#texture" },
        "north": { "uv": [ 15.001, 1.251, 15.374, 1.874 ], "texture": "#texture" },
        "south": { "uv": [ 14.751, 2.001, 15.124, 2.624 ], "texture": "#texture" },
        "west":  { "uv": [ 15.001, 1.251, 15.249, 1.874 ], "texture": "#texture" },
        "east":  { "uv": [ 15.251, 1.751, 15.499, 2.374 ], "texture": "#texture" }
    }
},
{
    "__comment": "Survivalwand3",
    "from": [ 7.875, 14.375, 8.25 ],
    "to": [ 8, 14.5, 8.625 ],
    "faces": {
        "down":  { "uv": [ 8.249, 2.249, 8.126, 2.126 ], "texture": "#texture" },
        "up":    { "uv": [ 7.751, 2.126, 7.874, 2.249 ], "texture": "#texture" },
        "north": { "uv": [ 8.126, 2.001, 8.249, 2.249 ], "texture": "#texture" },
        "south": { "uv": [ 6.751, 2.001, 6.874, 2.249 ], "texture": "#texture" },
        "west":  { "uv": [ 9.126, 2.001, 9.249, 2.249 ], "texture": "#texture" },
        "east":  { "uv": [ 6.751, 2.001, 6.874, 2.249 ], "texture": "#texture" }
    }
},
{
    "__comment": "Survivalwand3",
    "from": [ 7.875, 13.625, 8.375 ],
    "to": [ 8.25, 13.75, 8.625 ],
    "faces": {
        "down":  { "uv": [ 8.249, 2.249, 8.126, 2.126 ], "texture": "#texture" },
        "up":    { "uv": [ 7.751, 2.126, 7.874, 2.249 ], "texture": "#texture" },
        "north": { "uv": [ 8.126, 2.001, 8.249, 2.249 ], "texture": "#texture" },
        "south": { "uv": [ 6.751, 2.001, 6.874, 2.249 ], "texture": "#texture" },
        "west":  { "uv": [ 9.126, 2.001, 9.249, 2.249 ], "texture": "#texture" },
        "east":  { "uv": [ 6.751, 2.001, 6.874, 2.249 ], "texture": "#texture" }
    }
},
{
    "__comment": "Survivalwand3",
    "from": [ 7.875, 14.25, 8.375 ],
    "to": [ 8, 14.375, 8.5 ],
    "faces": {
        "down":  { "uv": [ 8.249, 2.249, 8.126, 2.126 ], "texture": "#texture" },
        "north": { "uv": [ 8.126, 2.001, 8.249, 2.249 ], "texture": "#texture" },
        "east":  { "uv": [ 6.751, 2.001, 6.874, 2.249 ], "texture": "#texture" }
    }
},
{
    "__comment": "Survivalwand3",
    "from": [ 7.875, 14.5, 8.375 ],
    "to": [ 8, 14.625, 8.5 ],
    "faces": {
        "up":    { "uv": [ 7.751, 2.126, 7.874, 2.249 ], "texture": "#texture" },
        "north": { "uv": [ 8.126, 2.001, 8.249, 2.249 ], "texture": "#texture" },
        "west":  { "uv": [ 9.126, 2.001, 9.249, 2.249 ], "texture": "#texture" },
        "east":  { "uv": [ 6.751, 2.001, 6.874, 2.249 ], "texture": "#texture" }
    }
},
{
    "__comment": "Survivalwand3",
    "from": [ 7.875, 15.125, 8.5 ],
    "to": [ 8, 15.375, 8.75 ],
    "faces": {
        "up":    { "uv": [ 4.751, 2.126, 4.874, 2.249 ], "texture": "#texture" },
        "north": { "uv": [ 8.126, 2.001, 8.249, 2.249 ], "texture": "#texture" },
        "south": { "uv": [ 6.751, 2.001, 6.874, 2.249 ], "texture": "#texture" },
        "west":  { "uv": [ 9.126, 2.001, 9.249, 2.249 ], "texture": "#texture" },
        "east":  { "uv": [ 6.751, 2.001, 6.874, 2.249 ], "texture": "#texture" }
    }
},
{
    "__comment": "Survivalwand3",
    "from": [ 7.875, 0.625, 8.625 ],
    "to": [ 8.125, 0.875, 8.75 ],
    "faces": {
        "down":  { "uv": [ 8.124, 9.499, 7.876, 9.376 ], "texture": "#texture" },
        "up":    { "uv": [ 7.876, 9.126, 8.124, 9.249 ], "texture": "#texture" },
        "north": { "uv": [ 7.876, 15.126, 8.124, 15.374 ], "texture": "#texture" },
        "west":  { "uv": [ 8.626, 15.126, 8.749, 15.374 ], "texture": "#texture" },
        "east":  { "uv": [ 7.251, 15.126, 7.374, 15.374 ], "texture": "#texture" }
    }
},
{
    "__comment": "Survivalwand3",
    "from": [ 7.875, 6.625, 8.625 ],
    "to": [ 8.125, 6.875, 8.75 ],
    "faces": {
        "down":  { "uv": [ 8.124, 9.499, 7.876, 9.376 ], "texture": "#texture" },
        "up":    { "uv": [ 7.876, 9.126, 8.124, 9.249 ], "texture": "#texture" },
        "north": { "uv": [ 7.876, 9.126, 8.124, 9.374 ], "texture": "#texture" },
        "west":  { "uv": [ 8.626, 9.126, 8.749, 9.374 ], "texture": "#texture" },
        "east":  { "uv": [ 7.251, 9.126, 7.374, 9.374 ], "texture": "#texture" }
    }
},
{
    "__comment": "Survivalwand3",
    "from": [ 7.875, 12, 8.625 ],
    "to": [ 8.125, 12.125, 8.75 ],
    "faces": {
        "down":  { "uv": [ 8.249, 9.499, 7.876, 9.251 ], "texture": "#texture" },
        "up":    { "uv": [ 7.751, 9.001, 8.124, 9.249 ], "texture": "#texture" },
        "north": { "uv": [ 7.876, 4.126, 8.249, 4.249 ], "texture": "#texture" },
        "west":  { "uv": [ 8.751, 4.126, 8.999, 4.249 ], "texture": "#texture" },
        "east":  { "uv": [ 7.001, 4.126, 7.249, 4.249 ], "texture": "#texture" }
    }
},
{
    "__comment": "Survivalwand3",
    "from": [ 7.875, 12.625, 8.625 ],
    "to": [ 8, 12.75, 9.125 ],
    "faces": {
        "down":  { "uv": [ 8.249, 2.249, 8.126, 2.126 ], "texture": "#texture" },
        "up":    { "uv": [ 7.751, 2.126, 7.874, 2.249 ], "texture": "#texture" },
        "north": { "uv": [ 8.126, 2.001, 8.249, 2.249 ], "texture": "#texture" },
        "south": { "uv": [ 6.751, 2.001, 6.874, 2.249 ], "texture": "#texture" },
        "west":  { "uv": [ 9.126, 2.001, 9.249, 2.249 ], "texture": "#texture" },
        "east":  { "uv": [ 6.751, 2.001, 6.874, 2.249 ], "texture": "#texture" }
    }
},
{
    "__comment": "Survivalwand3",
    "from": [ 7.875, 12.75, 8.625 ],
    "to": [ 8, 12.875, 8.875 ],
    "faces": {
        "up":    { "uv": [ 7.751, 2.126, 7.874, 2.249 ], "texture": "#texture" },
        "north": { "uv": [ 8.126, 2.001, 8.249, 2.249 ], "texture": "#texture" },
        "south": { "uv": [ 6.751, 2.001, 6.874, 2.249 ], "texture": "#texture" },
        "west":  { "uv": [ 9.126, 2.001, 9.249, 2.249 ], "texture": "#texture" },
        "east":  { "uv": [ 6.751, 2.001, 6.874, 2.249 ], "texture": "#texture" }
    }
},
{
    "__comment": "Survivalwand3",
    "from": [ 7.875, 12.875, 8.625 ],
    "to": [ 8.125, 13, 8.75 ],
    "faces": {
        "down":  { "uv": [ 8.249, 2.249, 8.126, 2.126 ], "texture": "#texture" },
        "up":    { "uv": [ 7.751, 2.126, 7.874, 2.249 ], "texture": "#texture" },
        "north": { "uv": [ 8.126, 2.001, 8.249, 2.249 ], "texture": "#texture" },
        "south": { "uv": [ 6.751, 2.001, 6.874, 2.249 ], "texture": "#texture" },
        "west":  { "uv": [ 9.126, 2.001, 9.249, 2.249 ], "texture": "#texture" },
        "east":  { "uv": [ 6.751, 2.001, 6.874, 2.249 ], "texture": "#texture" }
    }
},
{
    "__comment": "Survivalwand3",
    "from": [ 7.875, 15.375, 8.625 ],
    "to": [ 8, 15.625, 8.75 ],
    "faces": {
        "up":    { "uv": [ 4.751, 2.126, 4.874, 2.249 ], "texture": "#texture" },
        "north": { "uv": [ 8.126, 2.001, 8.249, 2.249 ], "texture": "#texture" },
        "south": { "uv": [ 6.751, 2.001, 6.874, 2.249 ], "texture": "#texture" },
        "west":  { "uv": [ 9.126, 2.001, 9.249, 2.249 ], "texture": "#texture" },
        "east":  { "uv": [ 6.751, 2.001, 6.874, 2.249 ], "texture": "#texture" }
    }
},
{
    "__comment": "Survivalwand3",
    "from": [ 7.875, 0.125, 8.75 ],
    "to": [ 8.125, 0.625, 9 ],
    "faces": {
        "down":  { "uv": [ 5.624, 15.999, 5.376, 15.751 ], "texture": "#texture" },
        "north": { "uv": [ 7.876, 15.376, 8.124, 15.874 ], "texture": "#texture" },
        "south": { "uv": [ 7.876, 15.376, 8.124, 15.874 ], "texture": "#texture" },
        "west":  { "uv": [ 8.751, 15.376, 8.999, 15.874 ], "texture": "#texture" },
        "east":  { "uv": [ 7.001, 15.376, 7.249, 15.874 ], "texture": "#texture" }
    }
},
{
    "__comment": "Survivalwand3",
    "from": [ 7.875, 0.875, 8.75 ],
    "to": [ 8, 6.625, 9.125 ],
    "faces": {
        "down":  { "uv": [ 8.124, 9.124, 8.001, 8.751 ], "texture": "#texture" },
        "up":    { "uv": [ 7.876, 8.751, 7.999, 9.124 ], "texture": "#texture" },
        "north": { "uv": [ 8.001, 9.376, 8.124, 15.124 ], "texture": "#texture" },
        "south": { "uv": [ 7.876, 9.376, 7.999, 15.124 ], "texture": "#texture" },
        "west":  { "uv": [ 8.751, 9.376, 9.124, 15.124 ], "texture": "#texture" },
        "east":  { "uv": [ 6.876, 9.376, 7.249, 15.124 ], "texture": "#texture" }
    }
},
{
    "__comment": "Survivalwand3",
    "from": [ 7.875, 6.875, 8.75 ],
    "to": [ 8.125, 12, 9 ],
    "faces": {
        "north": { "uv": [ 7.876, 4.001, 8.124, 9.124 ], "texture": "#texture" },
        "south": { "uv": [ 7.876, 4.001, 8.124, 9.124 ], "texture": "#texture" },
        "west":  { "uv": [ 8.751, 4.001, 8.999, 9.124 ], "texture": "#texture" },
        "east":  { "uv": [ 7.001, 4.001, 7.249, 9.124 ], "texture": "#texture" }
    }
},
{
    "__comment": "Survivalwand3",
    "from": [ 7.875, 12.375, 8.75 ],
    "to": [ 8, 12.625, 9 ],
    "faces": {
        "down":  { "uv": [ 8.249, 2.249, 8.126, 2.126 ], "texture": "#texture" },
        "north": { "uv": [ 8.126, 2.001, 8.249, 2.249 ], "texture": "#texture" },
        "south": { "uv": [ 6.751, 2.001, 6.874, 2.249 ], "texture": "#texture" },
        "west":  { "uv": [ 9.126, 2.001, 9.249, 2.249 ], "texture": "#texture" },
        "east":  { "uv": [ 6.751, 2.001, 6.874, 2.249 ], "texture": "#texture" }
    }
},
{
    "__comment": "Survivalwand3",
    "from": [ 7.875, 12.125, 8.875 ],
    "to": [ 8.125, 12.375, 9 ],
    "faces": {
        "up":    { "uv": [ 4.751, 2.126, 4.874, 2.249 ], "texture": "#texture" },
        "north": { "uv": [ 8.126, 2.001, 8.249, 2.249 ], "texture": "#texture" },
        "south": { "uv": [ 6.751, 2.001, 6.874, 2.249 ], "texture": "#texture" },
        "west":  { "uv": [ 9.126, 2.001, 9.249, 2.249 ], "texture": "#texture" },
        "east":  { "uv": [ 6.751, 2.001, 6.874, 2.249 ], "texture": "#texture" }
    }
},
{
    "__comment": "Survivalwand3",
    "from": [ 7.875, 0.25, 9 ],
    "to": [ 8, 0.375, 9.125 ],
    "faces": {
        "down":  { "uv": [ 8.124, 15.874, 8.001, 15.751 ], "texture": "#texture" },
        "up":    { "uv": [ 7.876, 15.751, 7.999, 15.874 ], "texture": "#texture" },
        "south": { "uv": [ 7.876, 15.626, 7.999, 15.749 ], "texture": "#texture" },
        "west":  { "uv": [ 9.001, 15.626, 9.124, 15.749 ], "texture": "#texture" },
        "east":  { "uv": [ 6.876, 15.626, 6.999, 15.749 ], "texture": "#texture" }
    }
},
{
    "__comment": "Survivalwand3",
    "from": [ 7.875, 0.625, 9 ],
    "to": [ 8, 0.75, 9.25 ],
    "faces": {
        "down":  { "uv": [ 8.124, 9.249, 8.001, 9.001 ], "texture": "#texture" },
        "up":    { "uv": [ 7.876, 9.001, 7.999, 9.249 ], "texture": "#texture" },
        "south": { "uv": [ 7.876, 15.251, 7.999, 15.374 ], "texture": "#texture" },
        "west":  { "uv": [ 9.001, 15.251, 9.249, 15.374 ], "texture": "#texture" },
        "east":  { "uv": [ 6.751, 15.251, 6.999, 15.374 ], "texture": "#texture" }
    }
},
{
    "__comment": "Survivalwand3",
    "from": [ 7.875, 0.75, 9 ],
    "to": [ 8.125, 0.875, 9.125 ],
    "faces": {
        "down":  { "uv": [ 8.124, 9.124, 7.876, 9.001 ], "texture": "#texture" },
        "up":    { "uv": [ 7.876, 9.001, 8.124, 9.124 ], "texture": "#texture" },
        "south": { "uv": [ 7.876, 15.126, 8.124, 15.249 ], "texture": "#texture" },
        "west":  { "uv": [ 9.001, 15.126, 9.124, 15.249 ], "texture": "#texture" },
        "east":  { "uv": [ 6.876, 15.126, 6.999, 15.249 ], "texture": "#texture" }
    }
},
{
    "__comment": "Survivalwand3",
    "from": [ 7.875, 6.625, 9 ],
    "to": [ 8.125, 6.875, 9.125 ],
    "faces": {
        "down":  { "uv": [ 8.124, 9.124, 7.876, 9.001 ], "texture": "#texture" },
        "up":    { "uv": [ 7.876, 9.001, 8.124, 9.124 ], "texture": "#texture" },
        "south": { "uv": [ 7.876, 9.126, 8.124, 9.374 ], "texture": "#texture" },
        "west":  { "uv": [ 9.001, 9.126, 9.124, 9.374 ], "texture": "#texture" },
        "east":  { "uv": [ 6.876, 9.126, 6.999, 9.374 ], "texture": "#texture" }
    }
},
{
    "__comment": "Survivalwand3",
    "from": [ 7.875, 11.875, 9 ],
    "to": [ 8, 12.125, 9.125 ],
    "faces": {
        "down":  { "uv": [ 8.249, 9.499, 7.876, 9.251 ], "texture": "#texture" },
        "up":    { "uv": [ 7.751, 9.001, 8.124, 9.249 ], "texture": "#texture" },
        "north": { "uv": [ 7.876, 4.126, 8.249, 4.249 ], "texture": "#texture" },
        "south": { "uv": [ 7.751, 4.126, 8.124, 4.249 ], "texture": "#texture" },
        "west":  { "uv": [ 8.751, 4.126, 8.999, 4.249 ], "texture": "#texture" },
        "east":  { "uv": [ 7.001, 4.126, 7.249, 4.249 ], "texture": "#texture" }
    }
},
{
    "__comment": "Survivalwand3",
    "from": [ 7.875, 12.75, 9 ],
    "to": [ 8, 12.875, 9.25 ],
    "faces": {
        "down":  { "uv": [ 8.249, 2.249, 8.126, 2.126 ], "texture": "#texture" },
        "north": { "uv": [ 8.126, 2.001, 8.249, 2.249 ], "texture": "#texture" },
        "south": { "uv": [ 6.751, 2.001, 6.874, 2.249 ], "texture": "#texture" },
        "west":  { "uv": [ 9.126, 2.001, 9.249, 2.249 ], "texture": "#texture" },
        "east":  { "uv": [ 6.751, 2.001, 6.874, 2.249 ], "texture": "#texture" }
    }
},
{
    "__comment": "Survivalwand3",
    "from": [ 7.875, 13.625, 9.25 ],
    "to": [ 8.125, 13.875, 9.375 ],
    "faces": {
        "down":  { "uv": [ 8.249, 2.249, 8.126, 2.126 ], "texture": "#texture" },
        "up":    { "uv": [ 7.751, 2.126, 7.874, 2.249 ], "texture": "#texture" },
        "north": { "uv": [ 7.126, 2.001, 7.249, 2.249 ], "texture": "#texture" },
        "south": { "uv": [ 6.751, 2.001, 6.874, 2.249 ], "texture": "#texture" },
        "west":  { "uv": [ 8.126, 2.001, 8.249, 2.249 ], "texture": "#texture" },
        "east":  { "uv": [ 5.751, 2.001, 5.874, 2.249 ], "texture": "#texture" }
    }
},
{
    "__comment": "Survivalwand3",
    "from": [ 7.875, 14.25, 9.25 ],
    "to": [ 8.125, 14.5, 9.375 ],
    "faces": {
        "down":  { "uv": [ 8.249, 2.249, 8.126, 2.126 ], "texture": "#texture" },
        "up":    { "uv": [ 7.751, 2.126, 7.874, 2.249 ], "texture": "#texture" },
        "north": { "uv": [ 8.126, 2.001, 8.249, 2.249 ], "texture": "#texture" },
        "south": { "uv": [ 6.751, 2.001, 6.874, 2.249 ], "texture": "#texture" },
        "west":  { "uv": [ 9.126, 2.001, 9.249, 2.249 ], "texture": "#texture" },
        "east":  { "uv": [ 6.751, 2.001, 6.874, 2.249 ], "texture": "#texture" }
    }
},
{
    "__comment": "Survivalwand3",
    "from": [ 7.875, 13.75, 9.375 ],
    "to": [ 8, 13.875, 9.5 ],
    "faces": {
        "down":  { "uv": [ 8.249, 2.249, 8.126, 2.126 ], "texture": "#texture" },
        "up":    { "uv": [ 7.751, 2.126, 7.874, 2.249 ], "texture": "#texture" },
        "south": { "uv": [ 6.751, 2.001, 6.874, 2.249 ], "texture": "#texture" },
        "west":  { "uv": [ 8.126, 2.001, 8.249, 2.249 ], "texture": "#texture" },
        "east":  { "uv": [ 5.751, 2.001, 5.874, 2.249 ], "texture": "#texture" }
    }
},
{
    "__comment": "Survivalwand3",
    "from": [ 7.875, 14.375, 9.375 ],
    "to": [ 8, 14.5, 9.5 ],
    "faces": {
        "down":  { "uv": [ 8.249, 2.249, 8.126, 2.126 ], "texture": "#texture" },
        "up":    { "uv": [ 7.751, 2.126, 7.874, 2.249 ], "texture": "#texture" },
        "south": { "uv": [ 6.751, 2.001, 6.874, 2.249 ], "texture": "#texture" },
        "west":  { "uv": [ 9.126, 2.001, 9.249, 2.249 ], "texture": "#texture" },
        "east":  { "uv": [ 6.751, 2.001, 6.874, 2.249 ], "texture": "#texture" }
    }
},
{
    "__comment": "Survivalwand3",
    "from": [ 8, 14.375, 8.25 ],
    "to": [ 8.125, 14.5, 8.5 ],
    "faces": {
        "down":  { "uv": [ 8.249, 2.249, 8.126, 2.126 ], "texture": "#texture" },
        "up":    { "uv": [ 7.751, 2.126, 7.874, 2.249 ], "texture": "#texture" },
        "north": { "uv": [ 8.126, 2.001, 8.249, 2.249 ], "texture": "#texture" },
        "east":  { "uv": [ 6.751, 2.001, 6.874, 2.249 ], "texture": "#texture" }
    }
},
{
    "__comment": "Survivalwand3",
    "from": [ 8, 12.875, 8.5 ],
    "to": [ 8.125, 13.125, 8.625 ],
    "faces": {
        "down":  { "uv": [ 8.249, 2.249, 8.126, 2.126 ], "texture": "#texture" },
        "up":    { "uv": [ 7.751, 2.126, 7.874, 2.249 ], "texture": "#texture" },
        "north": { "uv": [ 7.126, 2.001, 7.249, 2.249 ], "texture": "#texture" },
        "south": { "uv": [ 6.751, 2.001, 6.874, 2.249 ], "texture": "#texture" },
        "west":  { "uv": [ 8.126, 2.001, 8.249, 2.249 ], "texture": "#texture" },
        "east":  { "uv": [ 5.751, 2.001, 5.874, 2.249 ], "texture": "#texture" }
    }
},
{
    "__comment": "Survivalwand3",
    "from": [ 8, 15.25, 8.5 ],
    "to": [ 8.125, 15.375, 8.75 ],
    "faces": {
        "down":  { "uv": [ 5.249, 2.249, 5.126, 2.126 ], "texture": "#texture" },
        "up":    { "uv": [ 4.751, 2.126, 4.874, 2.249 ], "texture": "#texture" },
        "north": { "uv": [ 8.126, 2.001, 8.249, 2.249 ], "texture": "#texture" },
        "south": { "uv": [ 6.751, 2.001, 6.874, 2.249 ], "texture": "#texture" },
        "east":  { "uv": [ 6.751, 2.001, 6.874, 2.249 ], "texture": "#texture" }
    }
},
{
    "__comment": "Survivalwand3",
    "from": [ 8, 12.75, 8.625 ],
    "to": [ 8.125, 12.875, 8.75 ],
    "faces": {
        "down":  { "uv": [ 8.249, 2.249, 8.126, 2.126 ], "texture": "#texture" },
        "north": { "uv": [ 8.126, 2.001, 8.249, 2.249 ], "texture": "#texture" },
        "south": { "uv": [ 6.751, 2.001, 6.874, 2.249 ], "texture": "#texture" },
        "east":  { "uv": [ 6.751, 2.001, 6.874, 2.249 ], "texture": "#texture" }
    }
},
{
    "__comment": "Survivalwand3",
    "from": [ 8, 13, 8.625 ],
    "to": [ 8.25, 13.125, 8.75 ],
    "faces": {
        "down":  { "uv": [ 8.249, 2.249, 8.126, 2.126 ], "texture": "#texture" },
        "up":    { "uv": [ 7.751, 2.126, 7.874, 2.249 ], "texture": "#texture" },
        "north": { "uv": [ 7.126, 2.001, 7.249, 2.249 ], "texture": "#texture" },
        "south": { "uv": [ 6.751, 2.001, 6.874, 2.249 ], "texture": "#texture" },
        "west":  { "uv": [ 8.126, 2.001, 8.249, 2.249 ], "texture": "#texture" },
        "east":  { "uv": [ 5.751, 2.001, 5.874, 2.249 ], "texture": "#texture" }
    }
},
{
    "__comment": "Survivalwand3",
    "from": [ 8, 0.875, 8.75 ],
    "to": [ 8.125, 6.625, 9 ],
    "faces": {
        "north": { "uv": [ 7.876, 9.376, 7.999, 15.124 ], "texture": "#texture" },
        "south": { "uv": [ 8.001, 9.376, 8.124, 15.124 ], "texture": "#texture" },
        "east":  { "uv": [ 7.001, 9.376, 7.249, 15.124 ], "texture": "#texture" }
    }
},
{
    "__comment": "Survivalwand3",
    "from": [ 8, 12.5, 8.75 ],
    "to": [ 8.125, 12.75, 9 ],
    "faces": {
        "down":  { "uv": [ 8.249, 2.249, 8.126, 2.126 ], "texture": "#texture" },
        "up":    { "uv": [ 7.751, 2.126, 7.874, 2.249 ], "texture": "#texture" },
        "north": { "uv": [ 8.126, 2.001, 8.249, 2.249 ], "texture": "#texture" },
        "south": { "uv": [ 6.751, 2.001, 6.874, 2.249 ], "texture": "#texture" },
        "west":  { "uv": [ 9.126, 2.001, 9.249, 2.249 ], "texture": "#texture" },
        "east":  { "uv": [ 6.751, 2.001, 6.874, 2.249 ], "texture": "#texture" }
    }
},
{
    "__comment": "Survivalwand3",
    "from": [ 8, 12.375, 8.875 ],
    "to": [ 8.125, 12.5, 9 ],
    "faces": {
        "north": { "uv": [ 8.126, 2.001, 8.249, 2.249 ], "texture": "#texture" },
        "south": { "uv": [ 6.751, 2.001, 6.874, 2.249 ], "texture": "#texture" },
        "east":  { "uv": [ 6.751, 2.001, 6.874, 2.249 ], "texture": "#texture" }
    }
},
{
    "__comment": "Survivalwand3",
    "from": [ 8, 0.625, 9 ],
    "to": [ 8.125, 0.75, 9.125 ],
    "faces": {
        "down":  { "uv": [ 7.999, 9.124, 7.876, 9.001 ], "texture": "#texture" },
        "south": { "uv": [ 8.001, 15.251, 8.124, 15.374 ], "texture": "#texture" },
        "east":  { "uv": [ 6.876, 15.251, 6.999, 15.374 ], "texture": "#texture" }
    }
},
{
    "__comment": "Survivalwand3",
    "from": [ 8, 12, 9 ],
    "to": [ 8.125, 12.125, 9.125 ],
    "faces": {
        "down":  { "uv": [ 8.249, 9.499, 7.876, 9.251 ], "texture": "#texture" },
        "up":    { "uv": [ 7.751, 9.001, 8.124, 9.249 ], "texture": "#texture" },
        "south": { "uv": [ 7.751, 4.126, 8.124, 4.249 ], "texture": "#texture" },
        "east":  { "uv": [ 7.001, 4.126, 7.249, 4.249 ], "texture": "#texture" }
    }
},
{
    "__comment": "Survivalwand3",
    "from": [ 8, 12.625, 9 ],
    "to": [ 8.125, 12.875, 9.125 ],
    "faces": {
        "down":  { "uv": [ 8.249, 2.249, 8.126, 2.126 ], "texture": "#texture" },
        "up":    { "uv": [ 7.751, 2.126, 7.874, 2.249 ], "texture": "#texture" },
        "north": { "uv": [ 8.126, 2.001, 8.249, 2.249 ], "texture": "#texture" },
        "south": { "uv": [ 6.751, 2.001, 6.874, 2.249 ], "texture": "#texture" },
        "west":  { "uv": [ 9.126, 2.001, 9.249, 2.249 ], "texture": "#texture" },
        "east":  { "uv": [ 6.751, 2.001, 6.874, 2.249 ], "texture": "#texture" }
    }
},
{
    "__comment": "Survivalwand3",
    "from": [ 8, 13.625, 9.125 ],
    "to": [ 8.375, 13.75, 9.25 ],
    "faces": {
        "down":  { "uv": [ 8.249, 2.249, 8.126, 2.126 ], "texture": "#texture" },
        "up":    { "uv": [ 7.751, 2.126, 7.874, 2.249 ], "texture": "#texture" },
        "north": { "uv": [ 7.126, 2.001, 7.249, 2.249 ], "texture": "#texture" },
        "south": { "uv": [ 6.751, 2.001, 6.874, 2.249 ], "texture": "#texture" },
        "west":  { "uv": [ 8.126, 2.001, 8.249, 2.249 ], "texture": "#texture" },
        "east":  { "uv": [ 5.751, 2.001, 5.874, 2.249 ], "texture": "#texture" }
    }
},
{
    "__comment": "Survivalwand3",
    "from": [ 8, 14.25, 9.375 ],
    "to": [ 8.25, 14.375, 9.5 ],
    "faces": {
        "down":  { "uv": [ 8.249, 2.249, 8.126, 2.126 ], "texture": "#texture" },
        "up":    { "uv": [ 7.751, 2.126, 7.874, 2.249 ], "texture": "#texture" },
        "north": { "uv": [ 8.126, 2.001, 8.249, 2.249 ], "texture": "#texture" },
        "south": { "uv": [ 6.751, 2.001, 6.874, 2.249 ], "texture": "#texture" },
        "west":  { "uv": [ 9.126, 2.001, 9.249, 2.249 ], "texture": "#texture" },
        "east":  { "uv": [ 6.751, 2.001, 6.874, 2.249 ], "texture": "#texture" }
    }
},
{
    "__comment": "Survivalwand3",
    "from": [ 8.125, 14.125, 8.55 ],
    "to": [ 8.25, 14.625, 8.8 ],
    "faces": {
        "down":  { "uv": [ 15.499, 2.999, 15.126, 2.751 ], "texture": "#texture" },
        "up":    { "uv": [ 15.251, 1.501, 15.624, 1.749 ], "texture": "#texture" },
        "north": { "uv": [ 15.001, 1.251, 15.374, 1.874 ], "texture": "#texture" },
        "south": { "uv": [ 14.751, 2.001, 15.124, 2.624 ], "texture": "#texture" },
        "west":  { "uv": [ 15.001, 1.251, 15.249, 1.874 ], "texture": "#texture" },
        "east":  { "uv": [ 15.251, 1.751, 15.499, 2.374 ], "texture": "#texture" }
    }
},
{
    "__comment": "Survivalwand3",
    "from": [ 8.125, 13.375, 8.675 ],
    "to": [ 8.25, 13.875, 8.925 ],
    "faces": {
        "down":  { "uv": [ 15.499, 2.999, 15.126, 2.751 ], "texture": "#texture" },
        "up":    { "uv": [ 15.251, 1.501, 15.624, 1.749 ], "texture": "#texture" },
        "north": { "uv": [ 15.001, 1.251, 15.374, 1.874 ], "texture": "#texture" },
        "south": { "uv": [ 14.751, 2.001, 15.124, 2.624 ], "texture": "#texture" },
        "west":  { "uv": [ 15.001, 1.251, 15.249, 1.874 ], "texture": "#texture" },
        "east":  { "uv": [ 15.251, 1.751, 15.499, 2.374 ], "texture": "#texture" }
    }
},
{
    "__comment": "Survivalwand3",
    "from": [ 8.125, 14, 8.675 ],
    "to": [ 8.25, 14.125, 8.8 ],
    "faces": {
        "down":  { "uv": [ 15.499, 2.999, 15.126, 2.751 ], "texture": "#texture" },
        "up":    { "uv": [ 15.251, 1.501, 15.624, 1.749 ], "texture": "#texture" },
        "north": { "uv": [ 15.001, 1.251, 15.374, 1.874 ], "texture": "#texture" },
        "south": { "uv": [ 14.751, 2.001, 15.124, 2.624 ], "texture": "#texture" },
        "west":  { "uv": [ 15.001, 1.251, 15.249, 1.874 ], "texture": "#texture" },
        "east":  { "uv": [ 15.251, 1.751, 15.499, 2.374 ], "texture": "#texture" }
    }
},
{
    "__comment": "Survivalwand3",
    "from": [ 8.125, 13.25, 8.8 ],
    "to": [ 8.25, 13.375, 8.925 ],
    "faces": {
        "down":  { "uv": [ 15.499, 2.999, 15.126, 2.751 ], "texture": "#texture" },
        "up":    { "uv": [ 15.251, 1.501, 15.624, 1.749 ], "texture": "#texture" },
        "north": { "uv": [ 15.001, 1.251, 15.374, 1.874 ], "texture": "#texture" },
        "south": { "uv": [ 14.751, 2.001, 15.124, 2.624 ], "texture": "#texture" },
        "west":  { "uv": [ 15.001, 1.251, 15.249, 1.874 ], "texture": "#texture" },
        "east":  { "uv": [ 15.251, 1.751, 15.499, 2.374 ], "texture": "#texture" }
    }
},
{
    "__comment": "Survivalwand3",
    "from": [ 8.125, 14.125, 9.05 ],
    "to": [ 8.25, 14.625, 9.175 ],
    "faces": {
        "down":  { "uv": [ 15.499, 2.999, 15.126, 2.751 ], "texture": "#texture" },
        "up":    { "uv": [ 15.251, 1.501, 15.624, 1.749 ], "texture": "#texture" },
        "north": { "uv": [ 15.001, 1.251, 15.374, 1.874 ], "texture": "#texture" },
        "south": { "uv": [ 14.751, 2.001, 15.124, 2.624 ], "texture": "#texture" },
        "west":  { "uv": [ 15.001, 1.251, 15.249, 1.874 ], "texture": "#texture" },
        "east":  { "uv": [ 15.251, 1.751, 15.499, 2.374 ], "texture": "#texture" }
    }
},
{
    "__comment": "Survivalwand3",
    "from": [ 8.125, 15.25, 7.625 ],
    "to": [ 8.25, 15.375, 8.125 ],
    "faces": {
        "down":  { "uv": [ 8.249, 2.249, 8.126, 2.126 ], "texture": "#texture" },
        "up":    { "uv": [ 7.751, 2.126, 7.874, 2.249 ], "texture": "#texture" },
        "north": { "uv": [ 7.126, 2.001, 7.249, 2.249 ], "texture": "#texture" },
        "south": { "uv": [ 6.751, 2.001, 6.874, 2.249 ], "texture": "#texture" },
        "west":  { "uv": [ 8.126, 2.001, 8.249, 2.249 ], "texture": "#texture" },
        "east":  { "uv": [ 5.751, 2.001, 5.874, 2.249 ], "texture": "#texture" }
    }
},
{
    "__comment": "Survivalwand3",
    "from": [ 8.125, 15.125, 7.75 ],
    "to": [ 8.25, 15.25, 8.25 ],
    "faces": {
        "down":  { "uv": [ 8.249, 2.249, 8.126, 2.126 ], "texture": "#texture" },
        "up":    { "uv": [ 7.751, 2.126, 7.874, 2.249 ], "texture": "#texture" },
        "north": { "uv": [ 7.126, 2.001, 7.249, 2.249 ], "texture": "#texture" },
        "south": { "uv": [ 6.751, 2.001, 6.874, 2.249 ], "texture": "#texture" },
        "west":  { "uv": [ 8.126, 2.001, 8.249, 2.249 ], "texture": "#texture" },
        "east":  { "uv": [ 5.751, 2.001, 5.874, 2.249 ], "texture": "#texture" }
    }
},
{
    "__comment": "Survivalwand3",
    "from": [ 8.125, 14.375, 8.25 ],
    "to": [ 8.25, 14.625, 8.375 ],
    "faces": {
        "down":  { "uv": [ 8.249, 2.249, 8.126, 2.126 ], "texture": "#texture" },
        "up":    { "uv": [ 7.751, 2.126, 7.874, 2.249 ], "texture": "#texture" },
        "north": { "uv": [ 8.126, 2.001, 8.249, 2.249 ], "texture": "#texture" },
        "south": { "uv": [ 6.751, 2.001, 6.874, 2.249 ], "texture": "#texture" },
        "west":  { "uv": [ 9.126, 2.001, 9.249, 2.249 ], "texture": "#texture" },
        "east":  { "uv": [ 6.751, 2.001, 6.874, 2.249 ], "texture": "#texture" }
    }
},
{
    "__comment": "Survivalwand3",
    "from": [ 8.125, 14.5, 8.375 ],
    "to": [ 8.375, 14.625, 8.5 ],
    "faces": {
        "down":  { "uv": [ 8.249, 2.249, 8.126, 2.126 ], "texture": "#texture" },
        "up":    { "uv": [ 7.751, 2.126, 7.874, 2.249 ], "texture": "#texture" },
        "north": { "uv": [ 8.126, 2.001, 8.249, 2.249 ], "texture": "#texture" },
        "south": { "uv": [ 6.751, 2.001, 6.874, 2.249 ], "texture": "#texture" },
        "west":  { "uv": [ 9.126, 2.001, 9.249, 2.249 ], "texture": "#texture" },
        "east":  { "uv": [ 6.751, 2.001, 6.874, 2.249 ], "texture": "#texture" }
    }
},
{
    "__comment": "Survivalwand3",
    "from": [ 8.125, 13, 8.5 ],
    "to": [ 8.25, 13.25, 8.625 ],
    "faces": {
        "down":  { "uv": [ 8.249, 2.249, 8.126, 2.126 ], "texture": "#texture" },
        "up":    { "uv": [ 7.751, 2.126, 7.874, 2.249 ], "texture": "#texture" },
        "north": { "uv": [ 7.126, 2.001, 7.249, 2.249 ], "texture": "#texture" },
        "south": { "uv": [ 6.751, 2.001, 6.874, 2.249 ], "texture": "#texture" },
        "west":  { "uv": [ 8.126, 2.001, 8.249, 2.249 ], "texture": "#texture" },
        "east":  { "uv": [ 5.751, 2.001, 5.874, 2.249 ], "texture": "#texture" }
    }
},
{
    "__comment": "Survivalwand3",
    "from": [ 8.125, 13.75, 8.5 ],
    "to": [ 8.5, 13.875, 8.625 ],
    "faces": {
        "down":  { "uv": [ 8.249, 2.249, 8.126, 2.126 ], "texture": "#texture" },
        "up":    { "uv": [ 7.751, 2.126, 7.874, 2.249 ], "texture": "#texture" },
        "north": { "uv": [ 8.126, 2.001, 8.249, 2.249 ], "texture": "#texture" },
        "south": { "uv": [ 6.751, 2.001, 6.874, 2.249 ], "texture": "#texture" },
        "east":  { "uv": [ 6.751, 2.001, 6.874, 2.249 ], "texture": "#texture" }
    }
},
{
    "__comment": "Survivalwand3",
    "from": [ 8.125, 13.125, 8.625 ],
    "to": [ 8.375, 13.375, 8.75 ],
    "faces": {
        "down":  { "uv": [ 8.249, 2.249, 8.126, 2.126 ], "texture": "#texture" },
        "up":    { "uv": [ 7.751, 2.126, 7.874, 2.249 ], "texture": "#texture" },
        "north": { "uv": [ 7.126, 2.001, 7.249, 2.249 ], "texture": "#texture" },
        "south": { "uv": [ 6.751, 2.001, 6.874, 2.249 ], "texture": "#texture" },
        "west":  { "uv": [ 8.126, 2.001, 8.249, 2.249 ], "texture": "#texture" },
        "east":  { "uv": [ 5.751, 2.001, 5.874, 2.249 ], "texture": "#texture" }
    }
},
{
    "__comment": "Survivalwand3",
    "from": [ 8.125, 0.875, 8.875 ],
    "to": [ 8.25, 6.625, 9 ],
    "faces": {
        "north": { "uv": [ 7.751, 9.376, 7.874, 15.124 ], "texture": "#texture" },
        "south": { "uv": [ 8.126, 9.376, 8.249, 15.124 ], "texture": "#texture" },
        "east":  { "uv": [ 7.001, 9.376, 7.124, 15.124 ], "texture": "#texture" }
    }
},
{
    "__comment": "Survivalwand3",
    "from": [ 8.125, 12, 8.875 ],
    "to": [ 8.25, 12.125, 9 ],
    "faces": {
        "down":  { "uv": [ 8.249, 9.499, 7.876, 9.251 ], "texture": "#texture" },
        "up":    { "uv": [ 7.751, 9.001, 8.124, 9.249 ], "texture": "#texture" },
        "north": { "uv": [ 7.876, 4.126, 8.249, 4.249 ], "texture": "#texture" },
        "south": { "uv": [ 7.751, 4.126, 8.124, 4.249 ], "texture": "#texture" },
        "east":  { "uv": [ 7.001, 4.126, 7.249, 4.249 ], "texture": "#texture" }
    }
},
{
    "__comment": "Survivalwand3",
    "from": [ 8.125, 13.5, 9.125 ],
    "to": [ 8.375, 13.625, 9.375 ],
    "faces": {
        "down":  { "uv": [ 8.249, 2.249, 8.126, 2.126 ], "texture": "#texture" },
        "up":    { "uv": [ 7.751, 2.126, 7.874, 2.249 ], "texture": "#texture" },
        "north": { "uv": [ 7.126, 2.001, 7.249, 2.249 ], "texture": "#texture" },
        "south": { "uv": [ 6.751, 2.001, 6.874, 2.249 ], "texture": "#texture" },
        "west":  { "uv": [ 8.126, 2.001, 8.249, 2.249 ], "texture": "#texture" },
        "east":  { "uv": [ 5.751, 2.001, 5.874, 2.249 ], "texture": "#texture" }
    }
},
{
    "__comment": "Survivalwand3",
    "from": [ 8.125, 14.125, 9.125 ],
    "to": [ 8.375, 14.25, 9.375 ],
    "faces": {
        "down":  { "uv": [ 8.249, 2.249, 8.126, 2.126 ], "texture": "#texture" },
        "up":    { "uv": [ 7.751, 2.126, 7.874, 2.249 ], "texture": "#texture" },
        "north": { "uv": [ 8.126, 2.001, 8.249, 2.249 ], "texture": "#texture" },
        "south": { "uv": [ 6.751, 2.001, 6.874, 2.249 ], "texture": "#texture" },
        "west":  { "uv": [ 9.126, 2.001, 9.249, 2.249 ], "texture": "#texture" },
        "east":  { "uv": [ 6.751, 2.001, 6.874, 2.249 ], "texture": "#texture" }
    }
},
{
    "__comment": "Survivalwand3",
    "from": [ 8.125, 13.625, 9.25 ],
    "to": [ 8.375, 13.75, 9.375 ],
    "faces": {
        "up":    { "uv": [ 7.751, 2.126, 7.874, 2.249 ], "texture": "#texture" },
        "south": { "uv": [ 6.751, 2.001, 6.874, 2.249 ], "texture": "#texture" },
        "east":  { "uv": [ 5.751, 2.001, 5.874, 2.249 ], "texture": "#texture" }
    }
},
{
    "__comment": "Survivalwand3",
    "from": [ 8.125, 14.25, 9.25 ],
    "to": [ 8.25, 14.375, 9.375 ],
    "faces": {
        "up":    { "uv": [ 7.751, 2.126, 7.874, 2.249 ], "texture": "#texture" },
        "north": { "uv": [ 8.126, 2.001, 8.249, 2.249 ], "texture": "#texture" },
        "east":  { "uv": [ 6.751, 2.001, 6.874, 2.249 ], "texture": "#texture" }
    }
},
{
    "__comment": "Survivalwand3",
    "from": [ 8.25, 15.125, 8 ],
    "to": [ 8.375, 15.25, 8.375 ],
    "faces": {
        "down":  { "uv": [ 8.249, 2.249, 8.126, 2.126 ], "texture": "#texture" },
        "up":    { "uv": [ 7.751, 2.126, 7.874, 2.249 ], "texture": "#texture" },
        "north": { "uv": [ 7.126, 2.001, 7.249, 2.249 ], "texture": "#texture" },
        "south": { "uv": [ 6.751, 2.001, 6.874, 2.249 ], "texture": "#texture" },
        "west":  { "uv": [ 8.126, 2.001, 8.249, 2.249 ], "texture": "#texture" },
        "east":  { "uv": [ 5.751, 2.001, 5.874, 2.249 ], "texture": "#texture" }
    }
},
{
    "__comment": "Survivalwand3",
    "from": [ 8.25, 15, 8.125 ],
    "to": [ 8.375, 15.125, 8.375 ],
    "faces": {
        "down":  { "uv": [ 8.249, 2.249, 8.126, 2.126 ], "texture": "#texture" },
        "north": { "uv": [ 7.126, 2.001, 7.249, 2.249 ], "texture": "#texture" },
        "south": { "uv": [ 6.751, 2.001, 6.874, 2.249 ], "texture": "#texture" },
        "west":  { "uv": [ 8.126, 2.001, 8.249, 2.249 ], "texture": "#texture" },
        "east":  { "uv": [ 5.751, 2.001, 5.874, 2.249 ], "texture": "#texture" }
    }
},
{
    "__comment": "Survivalwand3",
    "from": [ 8.25, 14.5, 8.25 ],
    "to": [ 8.375, 15, 8.375 ],
    "faces": {
        "down":  { "uv": [ 8.249, 2.249, 8.126, 2.126 ], "texture": "#texture" },
        "north": { "uv": [ 8.126, 2.001, 8.249, 2.249 ], "texture": "#texture" },
        "south": { "uv": [ 6.751, 2.001, 6.874, 2.249 ], "texture": "#texture" },
        "west":  { "uv": [ 9.126, 2.001, 9.249, 2.249 ], "texture": "#texture" },
        "east":  { "uv": [ 6.751, 2.001, 6.874, 2.249 ], "texture": "#texture" }
    }
},
{
    "__comment": "Survivalwand3",
    "from": [ 8.25, 13.75, 8.375 ],
    "to": [ 8.375, 13.875, 8.5 ],
    "faces": {
        "down":  { "uv": [ 8.249, 2.249, 8.126, 2.126 ], "texture": "#texture" },
        "up":    { "uv": [ 7.751, 2.126, 7.874, 2.249 ], "texture": "#texture" },
        "north": { "uv": [ 8.126, 2.001, 8.249, 2.249 ], "texture": "#texture" },
        "west":  { "uv": [ 9.126, 2.001, 9.249, 2.249 ], "texture": "#texture" },
        "east":  { "uv": [ 6.751, 2.001, 6.874, 2.249 ], "texture": "#texture" }
    }
},
{
    "__comment": "Survivalwand3",
    "from": [ 8.25, 14.625, 8.375 ],
    "to": [ 8.5, 14.75, 8.5 ],
    "faces": {
        "down":  { "uv": [ 8.249, 2.249, 8.126, 2.126 ], "texture": "#texture" },
        "up":    { "uv": [ 7.751, 2.126, 7.874, 2.249 ], "texture": "#texture" },
        "north": { "uv": [ 8.126, 2.001, 8.249, 2.249 ], "texture": "#texture" },
        "south": { "uv": [ 6.751, 2.001, 6.874, 2.249 ], "texture": "#texture" },
        "west":  { "uv": [ 9.126, 2.001, 9.249, 2.249 ], "texture": "#texture" },
        "east":  { "uv": [ 6.751, 2.001, 6.874, 2.249 ], "texture": "#texture" }
    }
},
{
    "__comment": "Survivalwand3",
    "from": [ 8.25, 13.125, 8.5 ],
    "to": [ 8.375, 13.25, 8.625 ],
    "faces": {
        "down":  { "uv": [ 8.249, 2.249, 8.126, 2.126 ], "texture": "#texture" },
        "up":    { "uv": [ 7.751, 2.126, 7.874, 2.249 ], "texture": "#texture" },
        "north": { "uv": [ 7.126, 2.001, 7.249, 2.249 ], "texture": "#texture" },
        "east":  { "uv": [ 5.751, 2.001, 5.874, 2.249 ], "texture": "#texture" }
    }
},
{
    "__comment": "Survivalwand3",
    "from": [ 8.25, 13.625, 8.5 ],
    "to": [ 8.375, 13.75, 8.625 ],
    "faces": {
        "down":  { "uv": [ 8.249, 2.249, 8.126, 2.126 ], "texture": "#texture" },
        "north": { "uv": [ 8.126, 2.001, 8.249, 2.249 ], "texture": "#texture" },
        "south": { "uv": [ 6.751, 2.001, 6.874, 2.249 ], "texture": "#texture" },
        "east":  { "uv": [ 6.751, 2.001, 6.874, 2.249 ], "texture": "#texture" }
    }
},
{
    "__comment": "Survivalwand3",
    "from": [ 8.25, 13.75, 8.625 ],
    "to": [ 8.5, 14, 8.875 ],
    "faces": {
        "down":  { "uv": [ 8.249, 2.249, 8.126, 2.126 ], "texture": "#texture" },
        "up":    { "uv": [ 7.751, 2.126, 7.874, 2.249 ], "texture": "#texture" },
        "north": { "uv": [ 8.126, 2.001, 8.249, 2.249 ], "texture": "#texture" },
        "south": { "uv": [ 6.751, 2.001, 6.874, 2.249 ], "texture": "#texture" },
        "west":  { "uv": [ 9.126, 2.001, 9.249, 2.249 ], "texture": "#texture" },
        "east":  { "uv": [ 6.751, 2.001, 6.874, 2.249 ], "texture": "#texture" }
    }
},
{
    "__comment": "Survivalwand3",
    "from": [ 8.25, 13.125, 8.75 ],
    "to": [ 8.375, 13.5, 8.875 ],
    "faces": {
        "down":  { "uv": [ 8.249, 2.249, 8.126, 2.126 ], "texture": "#texture" },
        "up":    { "uv": [ 7.751, 2.126, 7.874, 2.249 ], "texture": "#texture" },
        "north": { "uv": [ 7.126, 2.001, 7.249, 2.249 ], "texture": "#texture" },
        "south": { "uv": [ 6.751, 2.001, 6.874, 2.249 ], "texture": "#texture" },
        "west":  { "uv": [ 8.126, 2.001, 8.249, 2.249 ], "texture": "#texture" },
        "east":  { "uv": [ 5.751, 2.001, 5.874, 2.249 ], "texture": "#texture" }
    }
},
{
    "__comment": "Survivalwand3",
    "from": [ 8.25, 13.375, 8.875 ],
    "to": [ 8.375, 13.5, 9.25 ],
    "faces": {
        "down":  { "uv": [ 8.249, 2.249, 8.126, 2.126 ], "texture": "#texture" },
        "up":    { "uv": [ 7.751, 2.126, 7.874, 2.249 ], "texture": "#texture" },
        "south": { "uv": [ 6.751, 2.001, 6.874, 2.249 ], "texture": "#texture" },
        "west":  { "uv": [ 8.126, 2.001, 8.249, 2.249 ], "texture": "#texture" },
        "east":  { "uv": [ 5.751, 2.001, 5.874, 2.249 ], "texture": "#texture" }
    }
},
{
    "__comment": "Survivalwand3",
    "from": [ 8.25, 14, 8.875 ],
    "to": [ 8.5, 14.125, 9.25 ],
    "faces": {
        "down":  { "uv": [ 8.249, 2.249, 8.126, 2.126 ], "texture": "#texture" },
        "up":    { "uv": [ 7.751, 2.126, 7.874, 2.249 ], "texture": "#texture" },
        "north": { "uv": [ 7.126, 2.001, 7.249, 2.249 ], "texture": "#texture" },
        "south": { "uv": [ 6.751, 2.001, 6.874, 2.249 ], "texture": "#texture" },
        "west":  { "uv": [ 8.126, 2.001, 8.249, 2.249 ], "texture": "#texture" },
        "east":  { "uv": [ 5.751, 2.001, 5.874, 2.249 ], "texture": "#texture" }
    }
},
{
    "__comment": "Survivalwand3",
    "from": [ 8.25, 13.5, 9 ],
    "to": [ 8.5, 13.625, 9.125 ],
    "faces": {
        "down":  { "uv": [ 8.249, 2.249, 8.126, 2.126 ], "texture": "#texture" },
        "up":    { "uv": [ 7.751, 2.126, 7.874, 2.249 ], "texture": "#texture" },
        "north": { "uv": [ 7.126, 2.001, 7.249, 2.249 ], "texture": "#texture" },
        "south": { "uv": [ 6.751, 2.001, 6.874, 2.249 ], "texture": "#texture" },
        "west":  { "uv": [ 8.126, 2.001, 8.249, 2.249 ], "texture": "#texture" },
        "east":  { "uv": [ 5.751, 2.001, 5.874, 2.249 ], "texture": "#texture" }
    }
},
{
    "__comment": "Survivalwand3",
    "from": [ 8.375, 14.625, 8.25 ],
    "to": [ 8.5, 15.125, 8.375 ],
    "faces": {
        "down":  { "uv": [ 8.249, 2.249, 8.126, 2.126 ], "texture": "#texture" },
        "up":    { "uv": [ 7.751, 2.126, 7.874, 2.249 ], "texture": "#texture" },
        "north": { "uv": [ 8.126, 2.001, 8.249, 2.249 ], "texture": "#texture" },
        "south": { "uv": [ 6.751, 2.001, 6.874, 2.249 ], "texture": "#texture" },
        "west":  { "uv": [ 9.126, 2.001, 9.249, 2.249 ], "texture": "#texture" },
        "east":  { "uv": [ 6.751, 2.001, 6.874, 2.249 ], "texture": "#texture" }
    }
},
{
    "__comment": "Survivalwand3",
    "from": [ 8.375, 14.75, 8.375 ],
    "to": [ 8.5, 15, 8.5 ],
    "faces": {
        "up":    { "uv": [ 7.751, 2.126, 7.874, 2.249 ], "texture": "#texture" },
        "south": { "uv": [ 6.751, 2.001, 6.874, 2.249 ], "texture": "#texture" },
        "west":  { "uv": [ 9.126, 2.001, 9.249, 2.249 ], "texture": "#texture" },
        "east":  { "uv": [ 6.751, 2.001, 6.874, 2.249 ], "texture": "#texture" }
    }
},
{
    "__comment": "Survivalwand3",
    "from": [ 8.375, 13.25, 8.625 ],
    "to": [ 8.5, 13.375, 9 ],
    "faces": {
        "down":  { "uv": [ 8.249, 2.249, 8.126, 2.126 ], "texture": "#texture" },
        "up":    { "uv": [ 7.751, 2.126, 7.874, 2.249 ], "texture": "#texture" },
        "north": { "uv": [ 7.126, 2.001, 7.249, 2.249 ], "texture": "#texture" },
        "south": { "uv": [ 6.751, 2.001, 6.874, 2.249 ], "texture": "#texture" },
        "west":  { "uv": [ 8.126, 2.001, 8.249, 2.249 ], "texture": "#texture" },
        "east":  { "uv": [ 5.751, 2.001, 5.874, 2.249 ], "texture": "#texture" }
    }
},
{
    "__comment": "Survivalwand3",
    "from": [ 8.375, 13.375, 8.75 ],
    "to": [ 8.5, 13.5, 9.125 ],
    "faces": {
        "down":  { "uv": [ 8.249, 2.249, 8.126, 2.126 ], "texture": "#texture" },
        "up":    { "uv": [ 7.751, 2.126, 7.874, 2.249 ], "texture": "#texture" },
        "north": { "uv": [ 7.126, 2.001, 7.249, 2.249 ], "texture": "#texture" },
        "south": { "uv": [ 6.751, 2.001, 6.874, 2.249 ], "texture": "#texture" },
        "west":  { "uv": [ 8.126, 2.001, 8.249, 2.249 ], "texture": "#texture" },
        "east":  { "uv": [ 5.751, 2.001, 5.874, 2.249 ], "texture": "#texture" }
    }
},
{
    "__comment": "Survivalwand3",
    "from": [ 8.375, 13.5, 8.875 ],
    "to": [ 8.5, 13.625, 9 ],
    "faces": {
        "up":    { "uv": [ 7.751, 2.126, 7.874, 2.249 ], "texture": "#texture" },
        "north": { "uv": [ 7.126, 2.001, 7.249, 2.249 ], "texture": "#texture" },
        "west":  { "uv": [ 8.126, 2.001, 8.249, 2.249 ], "texture": "#texture" },
        "east":  { "uv": [ 5.751, 2.001, 5.874, 2.249 ], "texture": "#texture" }
    }
},
{
    "__comment": "Survivalwand3",
    "from": [ 8.375, 13.875, 8.875 ],
    "to": [ 8.625, 14, 9 ],
    "faces": {
        "down":  { "uv": [ 8.249, 2.249, 8.126, 2.126 ], "texture": "#texture" },
        "up":    { "uv": [ 7.751, 2.126, 7.874, 2.249 ], "texture": "#texture" },
        "north": { "uv": [ 7.126, 2.001, 7.249, 2.249 ], "texture": "#texture" },
        "south": { "uv": [ 6.751, 2.001, 6.874, 2.249 ], "texture": "#texture" },
        "west":  { "uv": [ 8.126, 2.001, 8.249, 2.249 ], "texture": "#texture" },
        "east":  { "uv": [ 5.751, 2.001, 5.874, 2.249 ], "texture": "#texture" }
    }
},
{
    "__comment": "Survivalwand3",
    "from": [ 8.375, 14.125, 9 ],
    "to": [ 8.5, 14.25, 9.25 ],
    "faces": {
        "up":    { "uv": [ 7.751, 2.126, 7.874, 2.249 ], "texture": "#texture" },
        "north": { "uv": [ 7.126, 2.001, 7.249, 2.249 ], "texture": "#texture" },
        "south": { "uv": [ 6.751, 2.001, 6.874, 2.249 ], "texture": "#texture" },
        "west":  { "uv": [ 8.126, 2.001, 8.249, 2.249 ], "texture": "#texture" },
        "east":  { "uv": [ 5.751, 2.001, 5.874, 2.249 ], "texture": "#texture" }
    }
},
{
    "__comment": "Survivalwand3",
    "from": [ 8.375, 13.5, 9.125 ],
    "to": [ 8.5, 13.625, 9.25 ],
    "faces": {
        "down":  { "uv": [ 8.249, 2.249, 8.126, 2.126 ], "texture": "#texture" },
        "up":    { "uv": [ 7.751, 2.126, 7.874, 2.249 ], "texture": "#texture" },
        "south": { "uv": [ 6.751, 2.001, 6.874, 2.249 ], "texture": "#texture" },
        "east":  { "uv": [ 5.751, 2.001, 5.874, 2.249 ], "texture": "#texture" }
    }
},
{
    "__comment": "Survivalwand3",
    "from": [ 8.5, 13.875, 8.75 ],
    "to": [ 8.625, 14, 8.875 ],
    "faces": {
        "down":  { "uv": [ 8.249, 2.249, 8.126, 2.126 ], "texture": "#texture" },
        "up":    { "uv": [ 7.751, 2.126, 7.874, 2.249 ], "texture": "#texture" },
        "north": { "uv": [ 7.126, 2.001, 7.249, 2.249 ], "texture": "#texture" },
        "east":  { "uv": [ 5.751, 2.001, 5.874, 2.249 ], "texture": "#texture" }
    }
}
],
"display": {
    "firstperson_lefthand": {
        "rotation": [ 0, 100, -10 ],
        "translation": [ 0, 4, 2 ],
        "scale": [ 1.5, 1.5, 1.5 ]
    },
    "firstperson_righthand": {
        "rotation": [ 0, -100, 10 ],
        "translation": [ 0, 4, 2 ],
        "scale": [ 1.5, 1.5, 1.5 ]
    },
    "thirdperson_lefthand": {
        "rotation": [ 0, 90, 0 ],
        "translation": [ 0, 0.5, -0.4 ],
        "scale": [ 2.5, 2.5, 2.5 ]
    },
    "thirdperson_righthand": {
        "rotation": [ 0, -90, 0 ],
        "translation": [ 0, 0.5, -0.4 ],
        "scale": [ 2.5, 2.5, 2.5 ]
    },
    "thirdperson": {
        "rotation": [ -90, 0, 0 ],
        "translation": [ 0, -0.7, -0.4 ],
        "scale": [ 4, 3, 4 ]
    },
    "ground": {
        "rotation": [ 80, 0, 0 ],
        "translation": [ 0, 0, 0 ],
        "scale": [ 2, 2, 2 ]
    },
    "fixed": {
        "rotation": [ 0, 90, 0 ],
        "translation": [ -1.1, -0.2, -0.5 ],
        "scale": [ 2.6, 2.6, 2.6 ]
    },
    "firstperson": {
        "rotation": [ 0, -136, -6 ],
        "translation": [ 0, 1.8, 2 ],
        "scale": [ 4, 4, 4 ]
    },
    "gui": {
        "rotation": [ -14, 135, -44 ],
        "translation": [ 0, -0.1, -0.4 ],
        "scale": [ 2, 2, 2 ]
    }
}
}