{
"__comment": "Created by Droobledore with BDcraft Cubik PRO 0.95 Beta",
"ambientocclusion": false,
"textures": {
    "texture": "items/survivalwand1"
},
"elements": [ 
{
    "__comment": "Survivalwand1",
    "from": [ 6.75, 11, 8 ],
    "to": [ 9.25, 12.5, 8.5 ],
    "faces": {
        "down":  { "uv": [ 15.499, 4.999, 13.001, 4.501 ], "texture": "#texture" },
        "up":    { "uv": [ 9.501, 0.501, 11.999, 0.999 ], "texture": "#texture" },
        "north": { "uv": [ 6.751, 3.501, 9.249, 4.999 ], "texture": "#texture" },
        "south": { "uv": [ 6.751, 3.501, 9.249, 4.999 ], "texture": "#texture" },
        "west":  { "uv": [ 8.001, 3.501, 8.499, 4.999 ], "texture": "#texture" },
        "east":  { "uv": [ 7.501, 3.501, 7.999, 4.999 ], "texture": "#texture" }
    }
},
{
    "__comment": "Survivalwand1",
    "from": [ 6.75, 10.25, 8.25 ],
    "to": [ 9.25, 11, 8.5 ],
    "faces": {
        "down":  { "uv": [ 13.999, 5.999, 11.501, 5.751 ], "texture": "#texture" },
        "north": { "uv": [ 6.751, 5.001, 9.249, 5.749 ], "texture": "#texture" },
        "south": { "uv": [ 6.751, 5.001, 9.249, 5.749 ], "texture": "#texture" },
        "west":  { "uv": [ 8.251, 5.001, 8.499, 5.749 ], "texture": "#texture" },
        "east":  { "uv": [ 7.501, 5.001, 7.749, 5.749 ], "texture": "#texture" }
    }
},
{
    "__comment": "Survivalwand1",
    "from": [ 6.75, 12.5, 8.25 ],
    "to": [ 9.25, 12.75, 8.5 ],
    "faces": {
        "up":    { "uv": [ 9.001, 0.001, 11.499, 0.249 ], "texture": "#texture" },
        "north": { "uv": [ 6.751, 3.251, 9.249, 3.499 ], "texture": "#texture" },
        "south": { "uv": [ 6.751, 3.251, 9.249, 3.499 ], "texture": "#texture" },
        "west":  { "uv": [ 8.251, 3.251, 8.499, 3.499 ], "texture": "#texture" },
        "east":  { "uv": [ 7.501, 3.251, 7.749, 3.499 ], "texture": "#texture" }
    }
},
{
    "__comment": "Survivalwand1",
    "from": [ 7, 11, 7.75 ],
    "to": [ 9, 12.5, 8 ],
    "faces": {
        "down":  { "uv": [ 13.999, 4.999, 12.001, 4.751 ], "texture": "#texture" },
        "up":    { "uv": [ 10.501, 0.501, 12.499, 0.749 ], "texture": "#texture" },
        "north": { "uv": [ 7.001, 3.501, 8.999, 4.999 ], "texture": "#texture" },
        "west":  { "uv": [ 7.751, 3.501, 7.999, 4.999 ], "texture": "#texture" },
        "east":  { "uv": [ 8.001, 3.501, 8.249, 4.999 ], "texture": "#texture" }
    }
},
{
    "__comment": "Survivalwand1",
    "from": [ 7, 10, 8 ],
    "to": [ 9, 10.25, 8.5 ],
    "faces": {
        "down":  { "uv": [ 11.499, 5.999, 9.501, 5.501 ], "texture": "#texture" },
        "up":    { "uv": [ 11.001, 3.501, 12.999, 3.999 ], "texture": "#texture" },
        "north": { "uv": [ 7.001, 5.751, 8.999, 5.999 ], "texture": "#texture" },
        "south": { "uv": [ 7.001, 5.751, 8.999, 5.999 ], "texture": "#texture" },
        "west":  { "uv": [ 8.001, 5.751, 8.499, 5.999 ], "texture": "#texture" },
        "east":  { "uv": [ 7.501, 5.751, 7.999, 5.999 ], "texture": "#texture" }
    }
},
{
    "__comment": "Survivalwand1",
    "from": [ 7, 10.25, 8 ],
    "to": [ 9, 11, 8.25 ],
    "faces": {
        "north": { "uv": [ 7.001, 5.001, 8.999, 5.749 ], "texture": "#texture" },
        "west":  { "uv": [ 8.001, 5.001, 8.249, 5.749 ], "texture": "#texture" },
        "east":  { "uv": [ 7.751, 5.001, 7.999, 5.749 ], "texture": "#texture" }
    }
},
{
    "__comment": "Survivalwand1",
    "from": [ 7, 12.5, 8 ],
    "to": [ 9, 13, 8.25 ],
    "faces": {
        "up":    { "uv": [ 10.001, 0.001, 11.999, 0.249 ], "texture": "#texture" },
        "north": { "uv": [ 7.001, 3.001, 8.999, 3.499 ], "texture": "#texture" },
        "south": { "uv": [ 7.001, 3.001, 8.999, 3.499 ], "texture": "#texture" },
        "west":  { "uv": [ 8.001, 3.001, 8.249, 3.499 ], "texture": "#texture" },
        "east":  { "uv": [ 7.751, 3.001, 7.999, 3.499 ], "texture": "#texture" }
    }
},
{
    "__comment": "Survivalwand1",
    "from": [ 7, 9.75, 8.25 ],
    "to": [ 9, 10, 8.5 ],
    "faces": {
        "down":  { "uv": [ 11.499, 5.999, 9.501, 5.501 ], "texture": "#texture" },
        "north": { "uv": [ 7.001, 5.751, 8.999, 5.999 ], "texture": "#texture" },
        "south": { "uv": [ 7.001, 5.751, 8.999, 5.999 ], "texture": "#texture" },
        "west":  { "uv": [ 8.001, 5.751, 8.499, 5.999 ], "texture": "#texture" },
        "east":  { "uv": [ 7.501, 5.751, 7.999, 5.999 ], "texture": "#texture" }
    }
},
{
    "__comment": "Survivalwand1",
    "from": [ 7, 12.75, 8.25 ],
    "to": [ 9, 13, 8.5 ],
    "faces": {
        "up":    { "uv": [ 9.001, 1.001, 10.999, 1.249 ], "texture": "#texture" },
        "south": { "uv": [ 7.001, 3.001, 8.999, 3.249 ], "texture": "#texture" },
        "west":  { "uv": [ 8.251, 3.001, 8.499, 3.249 ], "texture": "#texture" },
        "east":  { "uv": [ 7.501, 3.001, 7.749, 3.249 ], "texture": "#texture" }
    }
},
{
    "__comment": "Survivalwand1",
    "from": [ 7, 13.75, 8.25 ],
    "to": [ 9, 15.25, 8.5 ],
    "faces": {
        "down":  { "uv": [ 10.499, 3.499, 8.501, 3.251 ], "texture": "#texture" },
        "up":    { "uv": [ 8.001, 1.001, 9.999, 1.249 ], "texture": "#texture" },
        "north": { "uv": [ 7.001, 0.751, 8.999, 2.249 ], "texture": "#texture" },
        "south": { "uv": [ 7.001, 0.751, 8.999, 2.249 ], "texture": "#texture" },
        "west":  { "uv": [ 8.251, 0.751, 8.499, 2.249 ], "texture": "#texture" },
        "east":  { "uv": [ 7.501, 0.751, 7.749, 2.249 ], "texture": "#texture" }
    }
},
{
    "__comment": "Survivalwand1",
    "from": [ 7, 10.25, 8.5 ],
    "to": [ 9, 12.75, 8.75 ],
    "faces": {
        "down":  { "uv": [ 14.999, 5.999, 13.001, 5.751 ], "texture": "#texture" },
        "up":    { "uv": [ 12.001, 1.501, 13.999, 1.749 ], "texture": "#texture" },
        "north": { "uv": [ 7.001, 3.251, 8.999, 5.749 ], "texture": "#texture" },
        "south": { "uv": [ 7.001, 3.251, 8.999, 5.749 ], "texture": "#texture" },
        "west":  { "uv": [ 8.501, 3.251, 8.749, 5.749 ], "texture": "#texture" },
        "east":  { "uv": [ 7.251, 3.251, 7.499, 5.749 ], "texture": "#texture" }
    }
},
{
    "__comment": "Survivalwand1",
    "from": [ 7.25, 11, 7.5 ],
    "to": [ 8.75, 12.5, 7.75 ],
    "faces": {
        "down":  { "uv": [ 13.499, 4.999, 12.001, 4.751 ], "texture": "#texture" },
        "up":    { "uv": [ 9.001, 1.501, 10.499, 1.749 ], "texture": "#texture" },
        "north": { "uv": [ 7.251, 3.501, 8.749, 4.999 ], "texture": "#texture" },
        "west":  { "uv": [ 7.501, 3.501, 7.749, 4.999 ], "texture": "#texture" },
        "east":  { "uv": [ 8.251, 3.501, 8.499, 4.999 ], "texture": "#texture" }
    }
},
{
    "__comment": "Survivalwand1",
    "from": [ 7.25, 10, 7.75 ],
    "to": [ 8.75, 11, 8 ],
    "faces": {
        "down":  { "uv": [ 11.499, 5.999, 9.501, 5.501 ], "texture": "#texture" },
        "north": { "uv": [ 7.001, 5.751, 8.999, 5.999 ], "texture": "#texture" },
        "south": { "uv": [ 7.001, 5.751, 8.999, 5.999 ], "texture": "#texture" },
        "west":  { "uv": [ 8.001, 5.751, 8.499, 5.999 ], "texture": "#texture" },
        "east":  { "uv": [ 7.501, 5.751, 7.999, 5.999 ], "texture": "#texture" }
    }
},
{
    "__comment": "Survivalwand1",
    "from": [ 7.25, 12.5, 7.75 ],
    "to": [ 8.75, 13, 8 ],
    "faces": {
        "up":    { "uv": [ 9.501, 0.501, 10.999, 0.749 ], "texture": "#texture" },
        "north": { "uv": [ 7.251, 3.001, 8.749, 3.499 ], "texture": "#texture" },
        "west":  { "uv": [ 7.751, 3.001, 7.999, 3.499 ], "texture": "#texture" },
        "east":  { "uv": [ 8.001, 3.001, 8.249, 3.499 ], "texture": "#texture" }
    }
},
{
    "__comment": "Survivalwand1",
    "from": [ 7.25, 0.5, 8 ],
    "to": [ 8.75, 0.75, 8.5 ],
    "faces": {
        "down":  { "uv": [ 9.999, 15.499, 8.501, 15.001 ], "texture": "#texture" },
        "up":    { "uv": [ 9.001, 15.001, 10.499, 15.499 ], "texture": "#texture" },
        "north": { "uv": [ 7.251, 15.251, 8.749, 15.499 ], "texture": "#texture" },
        "south": { "uv": [ 7.251, 15.251, 8.749, 15.499 ], "texture": "#texture" },
        "west":  { "uv": [ 8.001, 15.251, 8.499, 15.499 ], "texture": "#texture" },
        "east":  { "uv": [ 7.501, 15.251, 7.999, 15.499 ], "texture": "#texture" }
    }
},
{
    "__comment": "Survivalwand1",
    "from": [ 7.25, 0.75, 8 ],
    "to": [ 8.75, 1, 8.25 ],
    "faces": {
        "up":    { "uv": [ 8.751, 15.001, 10.249, 15.249 ], "texture": "#texture" },
        "north": { "uv": [ 7.251, 15.001, 8.749, 15.249 ], "texture": "#texture" },
        "south": { "uv": [ 7.251, 15.001, 8.749, 15.249 ], "texture": "#texture" },
        "west":  { "uv": [ 8.001, 15.001, 8.249, 15.249 ], "texture": "#texture" },
        "east":  { "uv": [ 7.751, 15.001, 7.999, 15.249 ], "texture": "#texture" }
    }
},
{
    "__comment": "Survivalwand1",
    "from": [ 7.25, 1.5, 8 ],
    "to": [ 8.75, 3, 8.5 ],
    "faces": {
        "down":  { "uv": [ 3.499, 14.499, 2.001, 14.001 ], "texture": "#texture" },
        "up":    { "uv": [ 2.001, 12.501, 3.499, 12.999 ], "texture": "#texture" },
        "north": { "uv": [ 7.251, 13.001, 8.749, 14.499 ], "texture": "#texture" },
        "south": { "uv": [ 7.251, 13.001, 8.749, 14.499 ], "texture": "#texture" },
        "west":  { "uv": [ 8.001, 13.001, 8.499, 14.499 ], "texture": "#texture" },
        "east":  { "uv": [ 7.501, 13.001, 7.999, 14.499 ], "texture": "#texture" }
    }
},
{
    "__comment": "Survivalwand1",
    "from": [ 7.25, 9.5, 8 ],
    "to": [ 8.75, 9.75, 8.5 ],
    "faces": {
        "down":  { "uv": [ 11.499, 5.999, 9.501, 5.501 ], "texture": "#texture" },
        "up":    { "uv": [ 11.001, 3.501, 12.999, 3.999 ], "texture": "#texture" },
        "north": { "uv": [ 7.001, 5.751, 8.999, 5.999 ], "texture": "#texture" },
        "south": { "uv": [ 7.001, 5.751, 8.999, 5.999 ], "texture": "#texture" },
        "west":  { "uv": [ 8.001, 5.751, 8.499, 5.999 ], "texture": "#texture" },
        "east":  { "uv": [ 7.501, 5.751, 7.999, 5.999 ], "texture": "#texture" }
    }
},
{
    "__comment": "Survivalwand1",
    "from": [ 7.25, 9.75, 8 ],
    "to": [ 8.75, 10, 8.25 ],
    "faces": {
        "north": { "uv": [ 7.001, 5.751, 8.999, 5.999 ], "texture": "#texture" },
        "west":  { "uv": [ 8.001, 5.751, 8.499, 5.999 ], "texture": "#texture" },
        "east":  { "uv": [ 7.501, 5.751, 7.999, 5.999 ], "texture": "#texture" }
    }
},
{
    "__comment": "Survivalwand1",
    "from": [ 7.25, 13, 8 ],
    "to": [ 8.75, 13.75, 8.5 ],
    "faces": {
        "down":  { "uv": [ 8.749, 8.499, 7.251, 8.001 ], "texture": "#texture" },
        "up":    { "uv": [ 7.251, 8.001, 8.749, 8.499 ], "texture": "#texture" },
        "north": { "uv": [ 7.251, 2.251, 8.749, 2.999 ], "texture": "#texture" },
        "south": { "uv": [ 7.251, 2.251, 8.749, 2.999 ], "texture": "#texture" },
        "west":  { "uv": [ 8.001, 2.251, 8.499, 2.999 ], "texture": "#texture" },
        "east":  { "uv": [ 7.501, 2.251, 7.999, 2.999 ], "texture": "#texture" }
    }
},
{
    "__comment": "Survivalwand1",
    "from": [ 7.25, 13.75, 8 ],
    "to": [ 8.75, 15.25, 8.25 ],
    "faces": {
        "up":    { "uv": [ 5.001, 1.501, 6.499, 1.749 ], "texture": "#texture" },
        "north": { "uv": [ 7.251, 0.751, 8.749, 2.249 ], "texture": "#texture" },
        "west":  { "uv": [ 8.001, 0.751, 8.249, 2.249 ], "texture": "#texture" },
        "east":  { "uv": [ 7.751, 0.751, 7.999, 2.249 ], "texture": "#texture" }
    }
},
{
    "__comment": "Survivalwand1",
    "from": [ 7.25, 15.25, 8.25 ],
    "to": [ 8.75, 15.5, 8.5 ],
    "faces": {
        "up":    { "uv": [ 8.501, 0.501, 9.999, 0.749 ], "texture": "#texture" },
        "north": { "uv": [ 7.251, 0.501, 8.749, 0.749 ], "texture": "#texture" },
        "south": { "uv": [ 7.251, 0.501, 8.749, 0.749 ], "texture": "#texture" },
        "west":  { "uv": [ 8.251, 0.501, 8.499, 0.749 ], "texture": "#texture" },
        "east":  { "uv": [ 7.501, 0.501, 7.749, 0.749 ], "texture": "#texture" }
    }
},
{
    "__comment": "Survivalwand1",
    "from": [ 7.25, 9.75, 8.5 ],
    "to": [ 8.75, 10.25, 8.75 ],
    "faces": {
        "down":  { "uv": [ 11.499, 5.999, 9.501, 5.501 ], "texture": "#texture" },
        "north": { "uv": [ 7.001, 5.751, 8.999, 5.999 ], "texture": "#texture" },
        "south": { "uv": [ 7.001, 5.751, 8.999, 5.999 ], "texture": "#texture" },
        "west":  { "uv": [ 8.001, 5.751, 8.499, 5.999 ], "texture": "#texture" },
        "east":  { "uv": [ 7.501, 5.751, 7.999, 5.999 ], "texture": "#texture" }
    }
},
{
    "__comment": "Survivalwand1",
    "from": [ 7.25, 12.75, 8.5 ],
    "to": [ 8.75, 13, 8.75 ],
    "faces": {
        "up":    { "uv": [ 10.001, 2.001, 11.499, 2.249 ], "texture": "#texture" },
        "south": { "uv": [ 7.251, 3.001, 8.749, 3.249 ], "texture": "#texture" },
        "west":  { "uv": [ 8.501, 3.001, 8.749, 3.249 ], "texture": "#texture" },
        "east":  { "uv": [ 7.251, 3.001, 7.499, 3.249 ], "texture": "#texture" }
    }
},
{
    "__comment": "Survivalwand1",
    "from": [ 7.25, 13.75, 8.5 ],
    "to": [ 8.75, 15.25, 8.75 ],
    "faces": {
        "down":  { "uv": [ 11.999, 3.499, 10.501, 3.251 ], "texture": "#texture" },
        "up":    { "uv": [ 10.001, 1.001, 11.499, 1.249 ], "texture": "#texture" },
        "south": { "uv": [ 7.251, 0.751, 8.749, 2.249 ], "texture": "#texture" },
        "west":  { "uv": [ 8.501, 0.751, 8.749, 2.249 ], "texture": "#texture" },
        "east":  { "uv": [ 7.251, 0.751, 7.499, 2.249 ], "texture": "#texture" }
    }
},
{
    "__comment": "Survivalwand1",
    "from": [ 7.25, 10.25, 8.75 ],
    "to": [ 8.75, 12.75, 9 ],
    "faces": {
        "down":  { "uv": [ 13.999, 5.999, 12.501, 5.751 ], "texture": "#texture" },
        "up":    { "uv": [ 11.501, 1.001, 12.999, 1.249 ], "texture": "#texture" },
        "south": { "uv": [ 7.251, 3.251, 8.749, 5.749 ], "texture": "#texture" },
        "west":  { "uv": [ 8.751, 3.251, 8.999, 5.749 ], "texture": "#texture" },
        "east":  { "uv": [ 7.001, 3.251, 7.249, 5.749 ], "texture": "#texture" }
    }
},
{
    "__comment": "Survivalwand1",
    "from": [ 7.5, 13.25, 7 ],
    "to": [ 8.5, 13.5, 8 ],
    "faces": {
        "down":  { "uv": [ 9.999, 3.499, 9.001, 2.501 ], "texture": "#texture" },
        "up":    { "uv": [ 9.501, 0.501, 10.499, 1.499 ], "texture": "#texture" },
        "north": { "uv": [ 7.501, 2.501, 8.499, 2.749 ], "texture": "#texture" },
        "west":  { "uv": [ 7.001, 2.501, 7.999, 2.749 ], "texture": "#texture" },
        "east":  { "uv": [ 8.001, 2.501, 8.999, 2.749 ], "texture": "#texture" }
    }
},
{
    "__comment": "Survivalwand1",
    "from": [ 7.5, 13.5, 7 ],
    "to": [ 8.5, 13.75, 7.25 ],
    "faces": {
        "up":    { "uv": [ 9.501, 1.001, 10.499, 1.249 ], "texture": "#texture" },
        "north": { "uv": [ 7.501, 2.251, 8.499, 2.499 ], "texture": "#texture" },
        "south": { "uv": [ 7.501, 2.251, 8.499, 2.499 ], "texture": "#texture" },
        "west":  { "uv": [ 7.001, 2.251, 7.249, 2.499 ], "texture": "#texture" },
        "east":  { "uv": [ 8.751, 2.251, 8.999, 2.499 ], "texture": "#texture" }
    }
},
{
    "__comment": "Survivalwand1",
    "from": [ 7.5, 11, 7.25 ],
    "to": [ 8.5, 12.5, 7.5 ],
    "faces": {
        "down":  { "uv": [ 13.499, 4.499, 12.501, 4.251 ], "texture": "#texture" },
        "up":    { "uv": [ 6.501, 1.001, 7.499, 1.249 ], "texture": "#texture" },
        "north": { "uv": [ 7.501, 3.501, 8.499, 4.999 ], "texture": "#texture" },
        "west":  { "uv": [ 7.251, 3.501, 7.499, 4.999 ], "texture": "#texture" },
        "east":  { "uv": [ 8.501, 3.501, 8.749, 4.999 ], "texture": "#texture" }
    }
},
{
    "__comment": "Survivalwand1",
    "from": [ 7.5, 13, 7.25 ],
    "to": [ 8.5, 13.25, 8 ],
    "faces": {
        "down":  { "uv": [ 9.499, 2.999, 8.501, 2.251 ], "texture": "#texture" },
        "north": { "uv": [ 7.501, 2.751, 8.499, 2.999 ], "texture": "#texture" },
        "west":  { "uv": [ 7.251, 2.751, 7.999, 2.999 ], "texture": "#texture" },
        "east":  { "uv": [ 8.001, 2.751, 8.749, 2.999 ], "texture": "#texture" }
    }
},
{
    "__comment": "Survivalwand1",
    "from": [ 7.5, 10, 7.5 ],
    "to": [ 8.5, 11, 7.75 ],
    "faces": {
        "down":  { "uv": [ 11.499, 5.999, 9.501, 5.501 ], "texture": "#texture" },
        "north": { "uv": [ 7.001, 5.751, 8.999, 5.999 ], "texture": "#texture" },
        "west":  { "uv": [ 8.001, 5.751, 8.499, 5.999 ], "texture": "#texture" },
        "east":  { "uv": [ 7.501, 5.751, 7.999, 5.999 ], "texture": "#texture" }
    }
},
{
    "__comment": "Survivalwand1",
    "from": [ 7.5, 12.5, 7.5 ],
    "to": [ 8.5, 13, 7.75 ],
    "faces": {
        "north": { "uv": [ 7.501, 3.001, 8.499, 3.499 ], "texture": "#texture" },
        "west":  { "uv": [ 7.501, 3.001, 7.749, 3.499 ], "texture": "#texture" },
        "east":  { "uv": [ 8.251, 3.001, 8.499, 3.499 ], "texture": "#texture" }
    }
},
{
    "__comment": "Survivalwand1",
    "from": [ 7.5, 13.5, 7.5 ],
    "to": [ 8.5, 14.75, 8 ],
    "faces": {
        "up":    { "uv": [ 9.501, 1.001, 10.499, 1.499 ], "texture": "#texture" },
        "north": { "uv": [ 7.501, 1.251, 8.499, 2.499 ], "texture": "#texture" },
        "south": { "uv": [ 7.501, 1.251, 8.499, 2.499 ], "texture": "#texture" },
        "west":  { "uv": [ 7.501, 1.251, 7.999, 2.499 ], "texture": "#texture" },
        "east":  { "uv": [ 8.001, 1.251, 8.499, 2.499 ], "texture": "#texture" }
    }
},
{
    "__comment": "Survivalwand1",
    "from": [ 7.5, 0.5, 7.75 ],
    "to": [ 8.5, 1, 8 ],
    "faces": {
        "down":  { "uv": [ 10.249, 14.999, 9.251, 14.751 ], "texture": "#texture" },
        "up":    { "uv": [ 8.751, 14.751, 9.749, 14.999 ], "texture": "#texture" },
        "north": { "uv": [ 7.501, 15.001, 8.499, 15.499 ], "texture": "#texture" },
        "south": { "uv": [ 7.501, 15.001, 8.499, 15.499 ], "texture": "#texture" },
        "west":  { "uv": [ 7.751, 15.001, 7.999, 15.499 ], "texture": "#texture" },
        "east":  { "uv": [ 8.001, 15.001, 8.249, 15.499 ], "texture": "#texture" }
    }
},
{
    "__comment": "Survivalwand1",
    "from": [ 7.5, 1.5, 7.75 ],
    "to": [ 8.5, 3, 8 ],
    "faces": {
        "down":  { "uv": [ 1.999, 14.499, 1.001, 14.251 ], "texture": "#texture" },
        "up":    { "uv": [ 1.501, 12.501, 2.499, 12.749 ], "texture": "#texture" },
        "north": { "uv": [ 7.501, 13.001, 8.499, 14.499 ], "texture": "#texture" },
        "west":  { "uv": [ 7.751, 13.001, 7.999, 14.499 ], "texture": "#texture" },
        "east":  { "uv": [ 8.001, 13.001, 8.249, 14.499 ], "texture": "#texture" }
    }
},
{
    "__comment": "Survivalwand1",
    "from": [ 7.5, 5, 7.75 ],
    "to": [ 8.5, 5.25, 8.5 ],
    "faces": {
        "down":  { "uv": [ 8.499, 8.499, 7.501, 7.751 ], "texture": "#texture" },
        "up":    { "uv": [ 7.501, 7.751, 8.499, 8.499 ], "texture": "#texture" },
        "north": { "uv": [ 7.501, 10.751, 8.499, 10.999 ], "texture": "#texture" },
        "south": { "uv": [ 7.501, 10.751, 8.499, 10.999 ], "texture": "#texture" },
        "west":  { "uv": [ 7.751, 10.751, 8.499, 10.999 ], "texture": "#texture" },
        "east":  { "uv": [ 7.501, 10.751, 8.249, 10.999 ], "texture": "#texture" }
    }
},
{
    "__comment": "Survivalwand1",
    "from": [ 7.5, 5.25, 7.75 ],
    "to": [ 8.5, 8.75, 8.25 ],
    "faces": {
        "up":    { "uv": [ 7.501, 7.001, 8.499, 7.499 ], "texture": "#texture" },
        "north": { "uv": [ 7.501, 7.251, 8.499, 10.749 ], "texture": "#texture" },
        "south": { "uv": [ 7.501, 7.251, 8.499, 10.749 ], "texture": "#texture" },
        "west":  { "uv": [ 7.751, 7.251, 8.249, 10.749 ], "texture": "#texture" },
        "east":  { "uv": [ 7.751, 7.251, 8.249, 10.749 ], "texture": "#texture" }
    }
},
{
    "__comment": "Survivalwand1",
    "from": [ 7.5, 9.5, 7.75 ],
    "to": [ 8.5, 10, 8 ],
    "faces": {
        "down":  { "uv": [ 11.499, 5.999, 9.501, 5.501 ], "texture": "#texture" },
        "north": { "uv": [ 7.001, 5.751, 8.999, 5.999 ], "texture": "#texture" },
        "south": { "uv": [ 7.001, 5.751, 8.999, 5.999 ], "texture": "#texture" },
        "west":  { "uv": [ 8.001, 5.751, 8.499, 5.999 ], "texture": "#texture" },
        "east":  { "uv": [ 7.501, 5.751, 7.999, 5.999 ], "texture": "#texture" }
    }
},
{
    "__comment": "Survivalwand1",
    "from": [ 7.5, 14.75, 7.75 ],
    "to": [ 8.5, 15.25, 8 ],
    "faces": {
        "up":    { "uv": [ 8.001, 1.001, 8.999, 1.249 ], "texture": "#texture" },
        "north": { "uv": [ 7.501, 0.751, 8.499, 1.249 ], "texture": "#texture" },
        "west":  { "uv": [ 7.751, 0.751, 7.999, 1.249 ], "texture": "#texture" },
        "east":  { "uv": [ 8.001, 0.751, 8.249, 1.249 ], "texture": "#texture" }
    }
},
{
    "__comment": "Survivalwand1",
    "from": [ 7.5, 0.25, 8 ],
    "to": [ 8.5, 0.5, 8.5 ],
    "faces": {
        "down":  { "uv": [ 10.749, 15.999, 9.751, 15.501 ], "texture": "#texture" },
        "north": { "uv": [ 7.501, 15.501, 8.499, 15.749 ], "texture": "#texture" },
        "south": { "uv": [ 7.501, 15.501, 8.499, 15.749 ], "texture": "#texture" },
        "west":  { "uv": [ 8.001, 15.501, 8.499, 15.749 ], "texture": "#texture" },
        "east":  { "uv": [ 7.501, 15.501, 7.999, 15.749 ], "texture": "#texture" }
    }
},
{
    "__comment": "Survivalwand1",
    "from": [ 7.5, 1, 8 ],
    "to": [ 8.5, 1.5, 8.5 ],
    "faces": {
        "down":  { "uv": [ 8.499, 8.499, 7.501, 8.001 ], "texture": "#texture" },
        "north": { "uv": [ 7.501, 14.501, 8.499, 14.999 ], "texture": "#texture" },
        "south": { "uv": [ 7.501, 14.501, 8.499, 14.999 ], "texture": "#texture" },
        "west":  { "uv": [ 8.001, 14.501, 8.499, 14.999 ], "texture": "#texture" },
        "east":  { "uv": [ 7.501, 14.501, 7.999, 14.999 ], "texture": "#texture" }
    }
},
{
    "__comment": "Survivalwand1",
    "from": [ 7.5, 3, 8 ],
    "to": [ 8.5, 5, 8.5 ],
    "faces": {
        "north": { "uv": [ 7.501, 11.001, 8.499, 12.999 ], "texture": "#texture" },
        "south": { "uv": [ 7.501, 11.001, 8.499, 12.999 ], "texture": "#texture" },
        "west":  { "uv": [ 8.001, 11.001, 8.499, 12.999 ], "texture": "#texture" },
        "east":  { "uv": [ 7.501, 11.001, 7.999, 12.999 ], "texture": "#texture" }
    }
},
{
    "__comment": "Survivalwand1",
    "from": [ 7.5, 8.75, 8 ],
    "to": [ 8.5, 9.5, 8.5 ],
    "faces": {
        "down":  { "uv": [ 8.499, 8.499, 7.501, 8.001 ], "texture": "#texture" },
        "north": { "uv": [ 7.501, 6.501, 8.499, 7.249 ], "texture": "#texture" },
        "south": { "uv": [ 7.501, 6.501, 8.499, 7.249 ], "texture": "#texture" },
        "west":  { "uv": [ 8.001, 6.501, 8.499, 7.249 ], "texture": "#texture" },
        "east":  { "uv": [ 7.501, 6.501, 7.999, 7.249 ], "texture": "#texture" }
    }
},
{
    "__comment": "Survivalwand1",
    "from": [ 7.5, 15.25, 8 ],
    "to": [ 8.5, 15.5, 8.25 ],
    "faces": {
        "up":    { "uv": [ 10.001, 0.501, 10.999, 0.749 ], "texture": "#texture" },
        "north": { "uv": [ 7.501, 0.501, 8.499, 0.749 ], "texture": "#texture" },
        "west":  { "uv": [ 8.001, 0.501, 8.249, 0.749 ], "texture": "#texture" },
        "east":  { "uv": [ 7.751, 0.501, 7.999, 0.749 ], "texture": "#texture" }
    }
},
{
    "__comment": "Survivalwand1",
    "from": [ 7.5, 0.75, 8.25 ],
    "to": [ 8.5, 1, 8.5 ],
    "faces": {
        "south": { "uv": [ 7.501, 15.001, 8.499, 15.249 ], "texture": "#texture" },
        "west":  { "uv": [ 8.251, 15.001, 8.499, 15.249 ], "texture": "#texture" },
        "east":  { "uv": [ 7.501, 15.001, 7.749, 15.249 ], "texture": "#texture" }
    }
},
{
    "__comment": "Survivalwand1",
    "from": [ 7.5, 8.5, 8.25 ],
    "to": [ 8.5, 8.75, 8.5 ],
    "faces": {
        "down":  { "uv": [ 8.499, 8.499, 7.501, 8.251 ], "texture": "#texture" },
        "south": { "uv": [ 7.501, 7.251, 8.499, 7.499 ], "texture": "#texture" },
        "west":  { "uv": [ 8.251, 7.251, 8.499, 7.499 ], "texture": "#texture" },
        "east":  { "uv": [ 7.501, 7.251, 7.749, 7.499 ], "texture": "#texture" }
    }
},
{
    "__comment": "Survivalwand1",
    "from": [ 7.5, 15.5, 8.25 ],
    "to": [ 8.5, 15.75, 8.5 ],
    "faces": {
        "up":    { "uv": [ 10.001, 1.001, 10.999, 1.249 ], "texture": "#texture" },
        "north": { "uv": [ 7.501, 0.251, 8.499, 0.499 ], "texture": "#texture" },
        "south": { "uv": [ 7.501, 0.251, 8.499, 0.499 ], "texture": "#texture" },
        "west":  { "uv": [ 8.251, 0.251, 8.499, 0.499 ], "texture": "#texture" },
        "east":  { "uv": [ 7.501, 0.251, 7.749, 0.499 ], "texture": "#texture" }
    }
},
{
    "__comment": "Survivalwand1",
    "from": [ 7.5, 0.5, 8.5 ],
    "to": [ 8.5, 0.75, 8.75 ],
    "faces": {
        "down":  { "uv": [ 11.749, 15.999, 10.751, 15.751 ], "texture": "#texture" },
        "up":    { "uv": [ 10.751, 14.751, 11.749, 14.999 ], "texture": "#texture" },
        "south": { "uv": [ 7.501, 15.251, 8.499, 15.499 ], "texture": "#texture" },
        "west":  { "uv": [ 8.501, 15.251, 8.749, 15.499 ], "texture": "#texture" },
        "east":  { "uv": [ 7.251, 15.251, 7.499, 15.499 ], "texture": "#texture" }
    }
},
{
    "__comment": "Survivalwand1",
    "from": [ 7.5, 1.5, 8.5 ],
    "to": [ 8.5, 3, 8.75 ],
    "faces": {
        "down":  { "uv": [ 2.999, 14.499, 2.001, 14.251 ], "texture": "#texture" },
        "up":    { "uv": [ 4.001, 12.501, 4.999, 12.749 ], "texture": "#texture" },
        "south": { "uv": [ 7.501, 13.001, 8.499, 14.499 ], "texture": "#texture" },
        "west":  { "uv": [ 8.501, 13.001, 8.749, 14.499 ], "texture": "#texture" },
        "east":  { "uv": [ 7.251, 13.001, 7.499, 14.499 ], "texture": "#texture" }
    }
},
{
    "__comment": "Survivalwand1",
    "from": [ 7.5, 9.5, 8.5 ],
    "to": [ 8.5, 9.75, 8.75 ],
    "faces": {
        "down":  { "uv": [ 11.499, 5.999, 9.501, 5.501 ], "texture": "#texture" },
        "south": { "uv": [ 7.001, 5.751, 8.999, 5.999 ], "texture": "#texture" },
        "west":  { "uv": [ 8.001, 5.751, 8.499, 5.999 ], "texture": "#texture" },
        "east":  { "uv": [ 7.501, 5.751, 7.999, 5.999 ], "texture": "#texture" }
    }
},
{
    "__comment": "Survivalwand1",
    "from": [ 7.5, 13, 8.5 ],
    "to": [ 8.5, 13.75, 8.75 ],
    "faces": {
        "south": { "uv": [ 7.501, 2.251, 8.499, 2.999 ], "texture": "#texture" },
        "west":  { "uv": [ 8.501, 2.251, 8.749, 2.999 ], "texture": "#texture" },
        "east":  { "uv": [ 7.251, 2.251, 7.499, 2.999 ], "texture": "#texture" }
    }
},
{
    "__comment": "Survivalwand1",
    "from": [ 7.5, 15.25, 8.5 ],
    "to": [ 8.5, 15.5, 8.75 ],
    "faces": {
        "up":    { "uv": [ 9.001, 0.501, 9.999, 0.749 ], "texture": "#texture" },
        "south": { "uv": [ 7.501, 0.501, 8.499, 0.749 ], "texture": "#texture" },
        "west":  { "uv": [ 8.501, 0.501, 8.749, 0.749 ], "texture": "#texture" },
        "east":  { "uv": [ 7.251, 0.501, 7.499, 0.749 ], "texture": "#texture" }
    }
},
{
    "__comment": "Survivalwand1",
    "from": [ 7.5, 9.75, 8.75 ],
    "to": [ 8.5, 10.25, 9 ],
    "faces": {
        "down":  { "uv": [ 11.499, 5.999, 9.501, 5.501 ], "texture": "#texture" },
        "south": { "uv": [ 7.001, 5.751, 8.999, 5.999 ], "texture": "#texture" },
        "west":  { "uv": [ 8.001, 5.751, 8.499, 5.999 ], "texture": "#texture" },
        "east":  { "uv": [ 7.501, 5.751, 7.999, 5.999 ], "texture": "#texture" }
    }
},
{
    "__comment": "Survivalwand1",
    "from": [ 7.5, 12.75, 8.75 ],
    "to": [ 8.5, 13, 9 ],
    "faces": {
        "up":    { "uv": [ 10.501, 0.501, 11.499, 0.749 ], "texture": "#texture" },
        "south": { "uv": [ 7.501, 3.001, 8.499, 3.249 ], "texture": "#texture" },
        "west":  { "uv": [ 8.751, 3.001, 8.999, 3.249 ], "texture": "#texture" },
        "east":  { "uv": [ 7.001, 3.001, 7.249, 3.249 ], "texture": "#texture" }
    }
},
{
    "__comment": "Survivalwand1",
    "from": [ 7.5, 13.75, 8.75 ],
    "to": [ 8.5, 15.25, 9 ],
    "faces": {
        "down":  { "uv": [ 11.499, 3.499, 10.501, 3.251 ], "texture": "#texture" },
        "up":    { "uv": [ 7.501, 0.501, 8.499, 0.749 ], "texture": "#texture" },
        "south": { "uv": [ 7.501, 0.751, 8.499, 2.249 ], "texture": "#texture" },
        "west":  { "uv": [ 8.751, 0.751, 8.999, 2.249 ], "texture": "#texture" },
        "east":  { "uv": [ 7.001, 0.751, 7.249, 2.249 ], "texture": "#texture" }
    }
},
{
    "__comment": "Survivalwand1",
    "from": [ 7.5, 10.25, 9 ],
    "to": [ 8.5, 12.75, 9.25 ],
    "faces": {
        "down":  { "uv": [ 12.999, 5.999, 12.001, 5.751 ], "texture": "#texture" },
        "up":    { "uv": [ 13.001, 1.001, 13.999, 1.249 ], "texture": "#texture" },
        "south": { "uv": [ 7.501, 3.251, 8.499, 5.749 ], "texture": "#texture" },
        "west":  { "uv": [ 9.001, 3.251, 9.249, 5.749 ], "texture": "#texture" },
        "east":  { "uv": [ 6.751, 3.251, 6.999, 5.749 ], "texture": "#texture" }
    }
},
{
    "__comment": "Survivalwand1",
    "from": [ 7.75, 13.5, 6.5 ],
    "to": [ 8.25, 14.25, 7 ],
    "faces": {
        "down":  { "uv": [ 12.499, 3.499, 12.001, 3.001 ], "texture": "#texture" },
        "up":    { "uv": [ 4.501, 1.001, 4.999, 1.499 ], "texture": "#texture" },
        "north": { "uv": [ 7.751, 1.751, 8.249, 2.499 ], "texture": "#texture" },
        "south": { "uv": [ 7.751, 1.751, 8.249, 2.499 ], "texture": "#texture" },
        "west":  { "uv": [ 6.501, 1.751, 6.999, 2.499 ], "texture": "#texture" },
        "east":  { "uv": [ 9.001, 1.751, 9.499, 2.499 ], "texture": "#texture" }
    }
},
{
    "__comment": "Survivalwand1",
    "from": [ 7.75, 13, 6.75 ],
    "to": [ 8.25, 13.25, 7.25 ],
    "faces": {
        "down":  { "uv": [ 10.499, 3.499, 10.001, 3.001 ], "texture": "#texture" },
        "up":    { "uv": [ 7.751, 6.751, 8.249, 7.249 ], "texture": "#texture" },
        "north": { "uv": [ 7.751, 2.751, 8.249, 2.999 ], "texture": "#texture" },
        "west":  { "uv": [ 6.751, 2.751, 7.249, 2.999 ], "texture": "#texture" },
        "east":  { "uv": [ 8.751, 2.751, 9.249, 2.999 ], "texture": "#texture" }
    }
},
{
    "__comment": "Survivalwand1",
    "from": [ 7.75, 13.25, 6.75 ],
    "to": [ 8.25, 13.5, 7 ],
    "faces": {
        "north": { "uv": [ 7.751, 2.501, 8.249, 2.749 ], "texture": "#texture" },
        "west":  { "uv": [ 6.751, 2.501, 6.999, 2.749 ], "texture": "#texture" },
        "east":  { "uv": [ 9.001, 2.501, 9.249, 2.749 ], "texture": "#texture" }
    }
},
{
    "__comment": "Survivalwand1",
    "from": [ 7.75, 11, 7 ],
    "to": [ 8.25, 12.5, 7.25 ],
    "faces": {
        "down":  { "uv": [ 13.499, 4.999, 13.001, 4.751 ], "texture": "#texture" },
        "up":    { "uv": [ 10.501, 1.001, 10.999, 1.249 ], "texture": "#texture" },
        "north": { "uv": [ 7.751, 3.501, 8.249, 4.999 ], "texture": "#texture" },
        "west":  { "uv": [ 7.001, 3.501, 7.249, 4.999 ], "texture": "#texture" },
        "east":  { "uv": [ 8.751, 3.501, 8.999, 4.999 ], "texture": "#texture" }
    }
},
{
    "__comment": "Survivalwand1",
    "from": [ 7.75, 12.75, 7 ],
    "to": [ 8.25, 13, 7.5 ],
    "faces": {
        "down":  { "uv": [ 10.999, 3.499, 10.501, 3.001 ], "texture": "#texture" },
        "up":    { "uv": [ 7.751, 7.001, 8.249, 7.499 ], "texture": "#texture" },
        "north": { "uv": [ 7.751, 3.001, 8.249, 3.249 ], "texture": "#texture" },
        "west":  { "uv": [ 7.001, 3.001, 7.499, 3.249 ], "texture": "#texture" },
        "east":  { "uv": [ 8.501, 3.001, 8.999, 3.249 ], "texture": "#texture" }
    }
},
{
    "__comment": "Survivalwand1",
    "from": [ 7.75, 13.75, 7 ],
    "to": [ 8.25, 14, 7.5 ],
    "faces": {
        "down":  { "uv": [ 8.249, 7.499, 7.751, 7.001 ], "texture": "#texture" },
        "up":    { "uv": [ 8.001, 0.501, 8.499, 0.999 ], "texture": "#texture" },
        "west":  { "uv": [ 7.001, 2.001, 7.499, 2.249 ], "texture": "#texture" },
        "east":  { "uv": [ 8.501, 2.001, 8.999, 2.249 ], "texture": "#texture" }
    }
},
{
    "__comment": "Survivalwand1",
    "from": [ 7.75, 10, 7.25 ],
    "to": [ 8.25, 11, 7.5 ],
    "faces": {
        "down":  { "uv": [ 11.499, 5.999, 9.501, 5.501 ], "texture": "#texture" },
        "north": { "uv": [ 7.001, 5.751, 8.999, 5.999 ], "texture": "#texture" },
        "west":  { "uv": [ 8.001, 5.751, 8.499, 5.999 ], "texture": "#texture" },
        "east":  { "uv": [ 7.501, 5.751, 7.999, 5.999 ], "texture": "#texture" }
    }
},
{
    "__comment": "Survivalwand1",
    "from": [ 7.75, 12.5, 7.25 ],
    "to": [ 8.25, 12.75, 7.5 ],
    "faces": {
        "north": { "uv": [ 7.751, 3.251, 8.249, 3.499 ], "texture": "#texture" },
        "west":  { "uv": [ 7.251, 3.251, 7.499, 3.499 ], "texture": "#texture" },
        "east":  { "uv": [ 8.501, 3.251, 8.749, 3.499 ], "texture": "#texture" }
    }
},
{
    "__comment": "Survivalwand1",
    "from": [ 7.75, 13.5, 7.25 ],
    "to": [ 8.25, 13.75, 7.5 ],
    "faces": {
        "west":  { "uv": [ 7.251, 2.251, 7.499, 2.499 ], "texture": "#texture" },
        "east":  { "uv": [ 8.501, 2.251, 8.749, 2.499 ], "texture": "#texture" }
    }
},
{
    "__comment": "Survivalwand1",
    "from": [ 7.75, 14, 7.25 ],
    "to": [ 8.25, 14.75, 7.5 ],
    "faces": {
        "up":    { "uv": [ 9.001, 1.001, 9.499, 1.249 ], "texture": "#texture" },
        "north": { "uv": [ 7.751, 1.251, 8.249, 1.999 ], "texture": "#texture" },
        "west":  { "uv": [ 7.251, 1.251, 7.499, 1.999 ], "texture": "#texture" },
        "east":  { "uv": [ 8.501, 1.251, 8.749, 1.999 ], "texture": "#texture" }
    }
},
{
    "__comment": "Survivalwand1",
    "from": [ 7.75, 0.5, 7.5 ],
    "to": [ 8.25, 1, 7.75 ],
    "faces": {
        "down":  { "uv": [ 14.749, 15.999, 14.251, 15.751 ], "texture": "#texture" },
        "up":    { "uv": [ 11.001, 15.001, 11.499, 15.249 ], "texture": "#texture" },
        "north": { "uv": [ 7.751, 15.001, 8.249, 15.499 ], "texture": "#texture" },
        "west":  { "uv": [ 7.501, 15.001, 7.749, 15.499 ], "texture": "#texture" },
        "east":  { "uv": [ 8.251, 15.001, 8.499, 15.499 ], "texture": "#texture" }
    }
},
{
    "__comment": "Survivalwand1",
    "from": [ 7.75, 1.5, 7.5 ],
    "to": [ 8.25, 3, 7.75 ],
    "faces": {
        "down":  { "uv": [ 1.999, 14.499, 1.501, 14.251 ], "texture": "#texture" },
        "up":    { "uv": [ 2.001, 12.501, 2.499, 12.749 ], "texture": "#texture" },
        "north": { "uv": [ 7.751, 13.001, 8.249, 14.499 ], "texture": "#texture" },
        "west":  { "uv": [ 7.501, 13.001, 7.749, 14.499 ], "texture": "#texture" },
        "east":  { "uv": [ 8.251, 13.001, 8.499, 14.499 ], "texture": "#texture" }
    }
},
{
    "__comment": "Survivalwand1",
    "from": [ 7.75, 5, 7.5 ],
    "to": [ 8.25, 8.75, 7.75 ],
    "faces": {
        "down":  { "uv": [ 8.249, 7.749, 7.751, 7.501 ], "texture": "#texture" },
        "up":    { "uv": [ 8.001, 7.001, 8.499, 7.249 ], "texture": "#texture" },
        "north": { "uv": [ 7.751, 7.251, 8.249, 10.999 ], "texture": "#texture" },
        "south": { "uv": [ 7.751, 7.251, 8.249, 10.999 ], "texture": "#texture" },
        "west":  { "uv": [ 7.501, 7.251, 7.749, 10.999 ], "texture": "#texture" },
        "east":  { "uv": [ 8.251, 7.251, 8.499, 10.999 ], "texture": "#texture" }
    }
},
{
    "__comment": "Survivalwand1",
    "from": [ 7.75, 9.5, 7.5 ],
    "to": [ 8.25, 10, 7.75 ],
    "faces": {
        "down":  { "uv": [ 11.499, 5.999, 9.501, 5.501 ], "texture": "#texture" },
        "north": { "uv": [ 7.001, 5.751, 8.999, 5.999 ], "texture": "#texture" },
        "west":  { "uv": [ 8.001, 5.751, 8.499, 5.999 ], "texture": "#texture" },
        "east":  { "uv": [ 7.501, 5.751, 7.999, 5.999 ], "texture": "#texture" }
    }
},
{
    "__comment": "Survivalwand1",
    "from": [ 7.75, 14.75, 7.5 ],
    "to": [ 8.25, 15.25, 7.75 ],
    "faces": {
        "up":    { "uv": [ 9.001, 1.501, 9.499, 1.749 ], "texture": "#texture" },
        "north": { "uv": [ 7.751, 0.751, 8.249, 1.249 ], "texture": "#texture" },
        "west":  { "uv": [ 7.501, 0.751, 7.749, 1.249 ], "texture": "#texture" },
        "east":  { "uv": [ 8.251, 0.751, 8.499, 1.249 ], "texture": "#texture" }
    }
},
{
    "__comment": "Survivalwand1",
    "from": [ 7.75, 0.25, 7.75 ],
    "to": [ 8.25, 0.5, 8 ],
    "faces": {
        "down":  { "uv": [ 15.999, 15.999, 15.501, 15.751 ], "texture": "#texture" },
        "north": { "uv": [ 7.751, 15.501, 8.249, 15.749 ], "texture": "#texture" },
        "west":  { "uv": [ 7.751, 15.501, 7.999, 15.749 ], "texture": "#texture" },
        "east":  { "uv": [ 8.001, 15.501, 8.249, 15.749 ], "texture": "#texture" }
    }
},
{
    "__comment": "Survivalwand1",
    "from": [ 7.75, 1, 7.75 ],
    "to": [ 8.25, 1.5, 8 ],
    "faces": {
        "north": { "uv": [ 7.751, 14.501, 8.249, 14.999 ], "texture": "#texture" },
        "west":  { "uv": [ 7.751, 14.501, 7.999, 14.999 ], "texture": "#texture" },
        "east":  { "uv": [ 8.001, 14.501, 8.249, 14.999 ], "texture": "#texture" }
    }
},
{
    "__comment": "Survivalwand1",
    "from": [ 7.75, 3, 7.75 ],
    "to": [ 8.25, 5, 8 ],
    "faces": {
        "north": { "uv": [ 7.751, 11.001, 8.249, 12.999 ], "texture": "#texture" },
        "west":  { "uv": [ 7.751, 11.001, 7.999, 12.999 ], "texture": "#texture" },
        "east":  { "uv": [ 8.001, 11.001, 8.249, 12.999 ], "texture": "#texture" }
    }
},
{
    "__comment": "Survivalwand1",
    "from": [ 7.75, 8.75, 7.75 ],
    "to": [ 8.25, 9.5, 8 ],
    "faces": {
        "north": { "uv": [ 7.751, 6.501, 8.249, 7.249 ], "texture": "#texture" },
        "west":  { "uv": [ 7.751, 6.501, 7.999, 7.249 ], "texture": "#texture" },
        "east":  { "uv": [ 8.001, 6.501, 8.249, 7.249 ], "texture": "#texture" }
    }
},
{
    "__comment": "Survivalwand1",
    "from": [ 7.75, 15.25, 7.75 ],
    "to": [ 8.25, 15.5, 8 ],
    "faces": {
        "up":    { "uv": [ 9.001, 1.001, 9.499, 1.249 ], "texture": "#texture" },
        "north": { "uv": [ 7.751, 0.501, 8.249, 0.749 ], "texture": "#texture" },
        "west":  { "uv": [ 7.751, 0.501, 7.999, 0.749 ], "texture": "#texture" },
        "east":  { "uv": [ 8.001, 0.501, 8.249, 0.749 ], "texture": "#texture" }
    }
},
{
    "__comment": "Survivalwand1",
    "from": [ 7.75, 0, 8 ],
    "to": [ 8.25, 0.25, 8.5 ],
    "faces": {
        "down":  { "uv": [ 15.999, 15.999, 15.501, 15.501 ], "texture": "#texture" },
        "north": { "uv": [ 7.751, 15.751, 8.249, 15.999 ], "texture": "#texture" },
        "south": { "uv": [ 7.751, 15.751, 8.249, 15.999 ], "texture": "#texture" },
        "west":  { "uv": [ 8.001, 15.751, 8.499, 15.999 ], "texture": "#texture" },
        "east":  { "uv": [ 7.501, 15.751, 7.999, 15.999 ], "texture": "#texture" }
    }
},
{
    "__comment": "Survivalwand1",
    "from": [ 7.75, 15.5, 8 ],
    "to": [ 8.25, 15.75, 8.25 ],
    "faces": {
        "up":    { "uv": [ 8.001, 1.001, 8.499, 1.249 ], "texture": "#texture" },
        "north": { "uv": [ 7.751, 0.251, 8.249, 0.499 ], "texture": "#texture" },
        "west":  { "uv": [ 8.001, 0.251, 8.249, 0.499 ], "texture": "#texture" },
        "east":  { "uv": [ 7.751, 0.251, 7.999, 0.499 ], "texture": "#texture" }
    }
},
{
    "__comment": "Survivalwand1",
    "from": [ 7.75, 5.25, 8.25 ],
    "to": [ 8.25, 8.5, 8.5 ],
    "faces": {
        "south": { "uv": [ 7.751, 7.501, 8.249, 10.749 ], "texture": "#texture" },
        "west":  { "uv": [ 8.251, 7.501, 8.499, 10.749 ], "texture": "#texture" },
        "east":  { "uv": [ 7.501, 7.501, 7.749, 10.749 ], "texture": "#texture" }
    }
},
{
    "__comment": "Survivalwand1",
    "from": [ 7.75, 15.75, 8.25 ],
    "to": [ 8.25, 16, 8.5 ],
    "faces": {
        "up":    { "uv": [ 9.001, 1.001, 9.499, 1.249 ], "texture": "#texture" },
        "north": { "uv": [ 7.751, 0.001, 8.249, 0.249 ], "texture": "#texture" },
        "south": { "uv": [ 7.751, 0.001, 8.249, 0.249 ], "texture": "#texture" },
        "west":  { "uv": [ 8.251, 0.001, 8.499, 0.249 ], "texture": "#texture" },
        "east":  { "uv": [ 7.501, 0.001, 7.749, 0.249 ], "texture": "#texture" }
    }
},
{
    "__comment": "Survivalwand1",
    "from": [ 7.75, 0.25, 8.5 ],
    "to": [ 8.25, 0.5, 8.75 ],
    "faces": {
        "down":  { "uv": [ 15.749, 15.999, 15.251, 15.751 ], "texture": "#texture" },
        "south": { "uv": [ 7.751, 15.501, 8.249, 15.749 ], "texture": "#texture" },
        "west":  { "uv": [ 8.501, 15.501, 8.749, 15.749 ], "texture": "#texture" },
        "east":  { "uv": [ 7.251, 15.501, 7.499, 15.749 ], "texture": "#texture" }
    }
},
{
    "__comment": "Survivalwand1",
    "from": [ 7.75, 0.75, 8.5 ],
    "to": [ 8.25, 1.5, 8.75 ],
    "faces": {
        "north": { "uv": [ 7.751, 14.501, 8.249, 15.249 ], "texture": "#texture" },
        "south": { "uv": [ 7.751, 14.501, 8.249, 15.249 ], "texture": "#texture" },
        "west":  { "uv": [ 8.501, 14.501, 8.749, 15.249 ], "texture": "#texture" },
        "east":  { "uv": [ 7.251, 14.501, 7.499, 15.249 ], "texture": "#texture" }
    }
},
{
    "__comment": "Survivalwand1",
    "from": [ 7.75, 3, 8.5 ],
    "to": [ 8.25, 5.25, 8.75 ],
    "faces": {
        "up":    { "uv": [ 7.751, 8.501, 8.249, 8.749 ], "texture": "#texture" },
        "north": { "uv": [ 7.751, 10.751, 8.249, 12.999 ], "texture": "#texture" },
        "south": { "uv": [ 7.751, 10.751, 8.249, 12.999 ], "texture": "#texture" },
        "west":  { "uv": [ 8.501, 10.751, 8.749, 12.999 ], "texture": "#texture" },
        "east":  { "uv": [ 7.251, 10.751, 7.499, 12.999 ], "texture": "#texture" }
    }
},
{
    "__comment": "Survivalwand1",
    "from": [ 7.75, 8.5, 8.5 ],
    "to": [ 8.25, 9.5, 8.75 ],
    "faces": {
        "down":  { "uv": [ 8.249, 8.749, 7.751, 8.501 ], "texture": "#texture" },
        "north": { "uv": [ 7.751, 6.501, 8.249, 7.499 ], "texture": "#texture" },
        "south": { "uv": [ 7.751, 6.501, 8.249, 7.499 ], "texture": "#texture" },
        "west":  { "uv": [ 8.501, 6.501, 8.749, 7.499 ], "texture": "#texture" },
        "east":  { "uv": [ 7.251, 6.501, 7.499, 7.499 ], "texture": "#texture" }
    }
},
{
    "__comment": "Survivalwand1",
    "from": [ 7.75, 15.5, 8.5 ],
    "to": [ 8.25, 15.75, 8.75 ],
    "faces": {
        "up":    { "uv": [ 9.501, 1.001, 9.999, 1.249 ], "texture": "#texture" },
        "south": { "uv": [ 7.751, 0.251, 8.249, 0.499 ], "texture": "#texture" },
        "west":  { "uv": [ 8.501, 0.251, 8.749, 0.499 ], "texture": "#texture" },
        "east":  { "uv": [ 7.251, 0.251, 7.499, 0.499 ], "texture": "#texture" }
    }
},
{
    "__comment": "Survivalwand1",
    "from": [ 7.75, 0.5, 8.75 ],
    "to": [ 8.25, 0.75, 9 ],
    "faces": {
        "down":  { "uv": [ 9.999, 15.499, 9.501, 15.251 ], "texture": "#texture" },
        "up":    { "uv": [ 11.251, 14.751, 11.749, 14.999 ], "texture": "#texture" },
        "south": { "uv": [ 7.751, 15.251, 8.249, 15.499 ], "texture": "#texture" },
        "west":  { "uv": [ 8.751, 15.251, 8.999, 15.499 ], "texture": "#texture" },
        "east":  { "uv": [ 7.001, 15.251, 7.249, 15.499 ], "texture": "#texture" }
    }
},
{
    "__comment": "Survivalwand1",
    "from": [ 7.75, 1.5, 8.75 ],
    "to": [ 8.25, 3, 9 ],
    "faces": {
        "down":  { "uv": [ 1.999, 14.499, 1.501, 14.251 ], "texture": "#texture" },
        "up":    { "uv": [ 5.001, 12.501, 5.499, 12.749 ], "texture": "#texture" },
        "south": { "uv": [ 7.751, 13.001, 8.249, 14.499 ], "texture": "#texture" },
        "west":  { "uv": [ 8.751, 13.001, 8.999, 14.499 ], "texture": "#texture" },
        "east":  { "uv": [ 7.001, 13.001, 7.249, 14.499 ], "texture": "#texture" }
    }
},
{
    "__comment": "Survivalwand1",
    "from": [ 7.75, 9.5, 8.75 ],
    "to": [ 8.25, 9.75, 9 ],
    "faces": {
        "down":  { "uv": [ 11.499, 5.999, 9.501, 5.501 ], "texture": "#texture" },
        "south": { "uv": [ 7.001, 5.751, 8.999, 5.999 ], "texture": "#texture" },
        "west":  { "uv": [ 8.001, 5.751, 8.499, 5.999 ], "texture": "#texture" },
        "east":  { "uv": [ 7.501, 5.751, 7.999, 5.999 ], "texture": "#texture" }
    }
},
{
    "__comment": "Survivalwand1",
    "from": [ 7.75, 13, 8.75 ],
    "to": [ 8.25, 13.75, 9 ],
    "faces": {
        "south": { "uv": [ 7.751, 2.251, 8.249, 2.999 ], "texture": "#texture" },
        "west":  { "uv": [ 8.751, 2.251, 8.999, 2.999 ], "texture": "#texture" },
        "east":  { "uv": [ 7.001, 2.251, 7.249, 2.999 ], "texture": "#texture" }
    }
},
{
    "__comment": "Survivalwand1",
    "from": [ 7.75, 15.25, 8.75 ],
    "to": [ 8.25, 15.5, 9 ],
    "faces": {
        "up":    { "uv": [ 8.001, 1.001, 8.499, 1.249 ], "texture": "#texture" },
        "south": { "uv": [ 7.751, 0.501, 8.249, 0.749 ], "texture": "#texture" },
        "west":  { "uv": [ 8.751, 0.501, 8.999, 0.749 ], "texture": "#texture" },
        "east":  { "uv": [ 7.001, 0.501, 7.249, 0.749 ], "texture": "#texture" }
    }
},
{
    "__comment": "Survivalwand1",
    "from": [ 7.75, 9.75, 9 ],
    "to": [ 8.25, 10.25, 9.25 ],
    "faces": {
        "down":  { "uv": [ 11.499, 5.999, 9.501, 5.501 ], "texture": "#texture" },
        "south": { "uv": [ 7.001, 5.751, 8.999, 5.999 ], "texture": "#texture" },
        "west":  { "uv": [ 8.001, 5.751, 8.499, 5.999 ], "texture": "#texture" },
        "east":  { "uv": [ 7.501, 5.751, 7.999, 5.999 ], "texture": "#texture" }
    }
},
{
    "__comment": "Survivalwand1",
    "from": [ 7.75, 12.75, 9 ],
    "to": [ 8.25, 13, 9.25 ],
    "faces": {
        "up":    { "uv": [ 10.501, 1.001, 10.999, 1.249 ], "texture": "#texture" },
        "south": { "uv": [ 7.751, 3.001, 8.249, 3.249 ], "texture": "#texture" },
        "west":  { "uv": [ 9.001, 3.001, 9.249, 3.249 ], "texture": "#texture" },
        "east":  { "uv": [ 6.751, 3.001, 6.999, 3.249 ], "texture": "#texture" }
    }
},
{
    "__comment": "Survivalwand1",
    "from": [ 7.75, 13.75, 9 ],
    "to": [ 8.25, 15.25, 9.25 ],
    "faces": {
        "down":  { "uv": [ 11.499, 3.499, 11.001, 3.251 ], "texture": "#texture" },
        "up":    { "uv": [ 9.001, 0.501, 9.499, 0.749 ], "texture": "#texture" },
        "south": { "uv": [ 7.751, 0.751, 8.249, 2.249 ], "texture": "#texture" },
        "west":  { "uv": [ 9.001, 0.751, 9.249, 2.249 ], "texture": "#texture" },
        "east":  { "uv": [ 6.751, 0.751, 6.999, 2.249 ], "texture": "#texture" }
    }
},
{
    "__comment": "Survivalwand1",
    "from": [ 7.75, 10.25, 9.25 ],
    "to": [ 8.25, 12.75, 9.5 ],
    "faces": {
        "down":  { "uv": [ 14.499, 5.999, 14.001, 5.751 ], "texture": "#texture" },
        "up":    { "uv": [ 11.001, 1.001, 11.499, 1.249 ], "texture": "#texture" },
        "south": { "uv": [ 7.751, 3.251, 8.249, 5.749 ], "texture": "#texture" },
        "west":  { "uv": [ 9.251, 3.251, 9.499, 5.749 ], "texture": "#texture" },
        "east":  { "uv": [ 6.501, 3.251, 6.749, 5.749 ], "texture": "#texture" }
    }
},
{
    "__comment": "Survivalwand1*",
    "from": [ 7.75, 14.25, 6.5 ],
    "to": [ 8, 14.5, 6.75 ],
    "faces": {
        "up":    { "uv": [ 4.501, 1.001, 4.999, 1.499 ], "texture": "#texture" },
        "north": { "uv": [ 7.751, 1.751, 8.249, 2.499 ], "texture": "#texture" },
        "south": { "uv": [ 7.751, 1.751, 8.249, 2.499 ], "texture": "#texture" },
        "west":  { "uv": [ 6.501, 1.751, 6.999, 2.499 ], "texture": "#texture" },
        "east":  { "uv": [ 9.001, 1.751, 9.499, 2.499 ], "texture": "#texture" }
    }
}
],
"display": {
    "firstperson_lefthand": {
        "rotation": [ 0, 100, -10 ],
        "translation": [ 0, 4, 2 ],
        "scale": [ 1, 1, 1 ]
    },
    "firstperson_righthand": {
        "rotation": [ 0, -100, 10 ],
        "translation": [ 0, 4, 2 ],
        "scale": [ 1, 1, 1 ]
    },
    "thirdperson_lefthand": {
        "rotation": [ 0, 90, 0 ],
        "translation": [ 0, 0.5, -0.4 ],
        "scale": [ 1, 1, 1 ]
    },
    "thirdperson_righthand": {
        "rotation": [ 0, -90, 0 ],
        "translation": [ 0, 0.5, -0.4 ],
        "scale": [ 1, 1, 1 ]
    },
    "thirdperson": {
        "rotation": [ -90, 0, 0 ],
        "translation": [ 0, 0.9, -2.5 ],
        "scale": [ 1, 1, 1 ]
    },
    "ground": {
        "rotation": [ -80, 0, 0 ],
        "translation": [ 0, 0, 0 ],
        "scale": [ 1, 1, 1 ]
    },
    "fixed": {
        "rotation": [ 0, 90, 0 ],
        "translation": [ 0, 0, -0.4 ],
        "scale": [ 2, 2, 2 ]
    },
    "firstperson": {
        "rotation": [ 0, -135, -10 ],
        "translation": [ 0, 3.9, 1.2 ],
        "scale": [ 2, 2, 2 ]
    },
    "gui": {
        "rotation": [ -14, 135, -44 ],
        "translation": [ 0, 0, 0 ],
        "scale": [ 1.8, 1.8, 1.8 ]
    }
}
}