{
  "parent": "item/handheld",
  "textures": {
    "layer0": "items/wood_hoe"
  },
  "overrides": [
    {"predicate": {"damage": 0.01666666666667}, "model": "item/old_survival_wand1"},
    {"predicate": {"damage": 0.03333333333333}, "model": "item/old_survival_wand2"},
    {"predicate": {"damage": 0.05}, "model": "item/survival_wand1"},
    {"predicate": {"damage": 0.06666666666667}, "model": "item/survival_wand2"},
    {"predicate": {"damage": 0.08333333333333}, "model": "item/staff_survival1"},
    {"predicate": {"damage": 0.1}, "model": "item/staff_gandalf"},
    {"predicate": {"damage": 0.11666666666667}, "model": "item/staff_wolf"},
    {"predicate": {"damage": 0.13333333333333}, "model": "item/wolf_wand"},
    {"predicate": {"damage": 0.15}, "model": "item/staff_magicka"},
    {"predicate": {"damage": 0.16666666666667}, "model": "item/moon_wand"},
    {"predicate": {"damage": 0.18333333333333}, "model": "item/broomstick"},
    {"predicate": {"damage": 0.2}, "model": "item/blaster"},
    {"predicate": {"damage": 0.21666666666667}, "model": "item/time_turner"},
    {"predicate": {"damage": 0.23333333333333}, "model": "item/lightsaber_hilt"},
    {"predicate": {"damage": 0.25}, "model": "item/cloak"},
    {"predicate": {"damage": 0.26666666666667}, "model": "item/auror_eye"},
    {"predicate": {"damage": 0.28333333333333}, "model": "item/magic_hat"}
  ]
}
